,User,Compound,Positive,Neutral,Negative,Text,Date Created
0,@BBC,0.0,0.0,1.0,0.0,"Running away from your responsibilities on a Friday like... 

#FridayFeeling https://t.co/OSCp8m1KKf",Fri Aug 03 15:59:00 +0000 2018
1,@BBC,0.3612,0.115,0.83,0.055,"RT @BBCRadio4: ü•Å 'Why I'm banging the drum for equal pay' ü•Å 
Gemma Arterton üåüüí´ speaks out about women's rights and reveals what inspires he‚Ä¶",Fri Aug 03 14:03:46 +0000 2018
2,@BBC,-0.5719,0.084,0.696,0.22,RT @BBCLookNorth: Staff @SheffChildrens pulled out all the stops to make sure this young cancer patient could be a bridesmaid at her parent‚Ä¶,Fri Aug 03 13:40:19 +0000 2018
3,@BBC,0.0,0.0,1.0,0.0,"‚ù§Ô∏èü¶è A critically endangered Eastern Black Rhino's been born in front of visitors at Chester Zoo.

It's believed the‚Ä¶ https://t.co/9CwJGGGtvM",Fri Aug 03 13:20:18 +0000 2018
4,@BBC,0.0,0.0,1.0,0.0,üó£Ô∏èüöÜ Commuters in Toronto are getting travel tips from a very famous voice...  https://t.co/4uAAzg99W3,Fri Aug 03 12:47:36 +0000 2018
5,@BBC,0.0,0.0,1.0,0.0,"üòÇ @RickyGervais is the king of cringe. 
#Extras https://t.co/NAo9RqbsaT",Fri Aug 03 12:02:03 +0000 2018
6,@BBC,-0.3252,0.0,0.774,0.226,"What's the least popular emoji on Twitter?
üëâ https://t.co/nvVIbXZE5C https://t.co/l63JGiR9ZI",Fri Aug 03 11:01:04 +0000 2018
7,@BBC,0.4199,0.189,0.811,0.0,"üõ©üõ©üõ©
Britain's first disabled air display team is getting ready for takeoff! https://t.co/kOxwAFPIEt",Fri Aug 03 08:01:02 +0000 2018
8,@BBC,0.0,0.0,1.0,0.0,"Just 13.2% of the world's oceans could be classed as wilderness, according to new research.
üëâ‚Ä¶ https://t.co/AHjAciuC3G",Fri Aug 03 07:25:03 +0000 2018
9,@BBC,0.2023,0.13,0.87,0.0,"How did you sleep last night? 

Chances are you didn't get enough üí§ https://t.co/noTei8EVzE",Fri Aug 03 07:00:08 +0000 2018
10,@BBC,-0.7579,0.0,0.735,0.265,"Follow the prosecution of a gang that uses drones to deliver drugs to people in prison. 

The Prosecutors | 9pm |‚Ä¶ https://t.co/WVohvyXfRF",Thu Aug 02 19:02:04 +0000 2018
11,@BBC,-0.4767,0.0,0.795,0.205,"After suffering from a stroke, Richard turned to baking as a form of therapy. https://t.co/pFJEZ6wDPN",Thu Aug 02 18:00:16 +0000 2018
12,@BBC,-0.7096,0.081,0.64,0.279,The jacket worn by Harrison Ford when he played Han Solo in Star Wars' The Empire Strikes Back is expected to fetch‚Ä¶ https://t.co/gKQGexAVQa,Thu Aug 02 17:29:03 +0000 2018
13,@BBC,0.0,0.0,1.0,0.0,"What happened to the boy who chased away the lions? 
#BBCInnovators https://t.co/cc3hhSkCRp",Thu Aug 02 16:01:06 +0000 2018
14,@BBC,0.0,0.0,1.0,0.0,".@ShirleyBallas's great-grandmother, travelled to New York for a new life but the rest of her story is far from pla‚Ä¶ https://t.co/rFPEyWNYP5",Thu Aug 02 12:00:15 +0000 2018
15,@BBC,0.0,0.0,1.0,0.0,‚òîÔ∏è A van driver in the Canadian city of Ottawa has been sacked after they were filmed repeatedly splashing pedestri‚Ä¶ https://t.co/7cqN64jHCA,Thu Aug 02 11:00:15 +0000 2018
16,@BBC,0.4588,0.231,0.769,0.0,üò≤ Add Vietnam's breathtaking Golden Bridge to your travel bucket list. https://t.co/ZOQGb7LvZ4,Thu Aug 02 09:59:16 +0000 2018
17,@BBC,-0.296,0.0,0.901,0.099,"RT @BBCRadio4: So where exactly does Alan Bennett stop and @ProfBrianCox begin?
@robinince may have the answer.
More from @themonkeycage he‚Ä¶",Thu Aug 02 09:24:05 +0000 2018
18,@BBC,-0.4215,0.0,0.872,0.128,"In the UK, we use around 7 million disposable coffee cups each day. 

That's 82 tonnes of non-recyclable waste crea‚Ä¶ https://t.co/L4OsfxKj7Z",Thu Aug 02 08:00:00 +0000 2018
19,@BBC,-0.25,0.0,0.818,0.182,"How the handmaid became an international protest symbol.
üëâ https://t.co/CQ4Q7MmSu9 https://t.co/iBS1uxSx1G",Thu Aug 02 07:28:04 +0000 2018
20,@BBC,0.5719,0.425,0.575,0.0,üé® Celebrating immigration through street art. https://t.co/6vYjU7MgGM,Thu Aug 02 07:01:02 +0000 2018
21,@BBC,-0.6369,0.0,0.682,0.318,Three things you might not know about domestic abuse. https://t.co/toqVr31d23,Wed Aug 01 18:01:06 +0000 2018
22,@BBC,0.0,0.0,1.0,0.0,üìñüëÄ The boy who has written a book with his eyes. https://t.co/j7TmFadeQk,Wed Aug 01 16:02:02 +0000 2018
23,@BBC,0.0,0.0,1.0,0.0,"A pest controller who discovered a nest with ""around 10-15,000"" wasps in a garage cupboard described his experience‚Ä¶ https://t.co/yNxDd1Uqx4",Wed Aug 01 14:03:04 +0000 2018
24,@BBC,0.1779,0.137,0.758,0.104,"üé∂ 'A lower volume of music encourages healthier eating'

Seven ways in which melody seasons our meals. 
üëâ‚Ä¶ https://t.co/2lCCxlco7L",Wed Aug 01 13:00:29 +0000 2018
25,@BBC,-0.509,0.0,0.829,0.171,"Today is #YorkshireDay! Why not celebrate by eating a full roast dinner wrapped in a Yorkshire pudding? üòçüçóü•ïü•î

https://t.co/D1H4QYO2g3",Wed Aug 01 12:02:03 +0000 2018
26,@BBC,0.0,0.0,1.0,0.0,"RT @BBC6Music: üéß Which records are you still waiting to hear this year?

Here are 50 albums to look forward to during the rest of 2018 http‚Ä¶",Wed Aug 01 11:56:31 +0000 2018
27,@BBC,0.5859,0.211,0.789,0.0,"‚úàÔ∏è A woman, who fulfilled her air hostess mother's dream by piloting her final flight before retirement, says she f‚Ä¶ https://t.co/6E2KzoyCWY",Wed Aug 01 11:00:09 +0000 2018
28,@BBC,0.6114,0.266,0.734,0.0,RT @BBCLeeds: What if animals spoke in a Yorkshire accent? Happy #YorkshireDay! https://t.co/ELm4ot3sQp,Wed Aug 01 09:20:33 +0000 2018
29,@BBC,0.0,0.0,1.0,0.0,"RT @bbcrb: We all know SOMEONE  who needs to do this! ü§∞üòàüòÇ
@UltraBabyFace https://t.co/zfjN3xA20m",Wed Aug 01 09:20:00 +0000 2018
30,@BBC,0.0,0.0,1.0,0.0,üç£üé£ How did we become hooked on sushi? https://t.co/M6UXeJq9DI,Wed Aug 01 08:01:06 +0000 2018
31,@BBC,-0.5423,0.0,0.863,0.137,A French student has spoken out after she was harassed by a man in a Paris street and then hit in the face when she‚Ä¶ https://t.co/65bcKXM3P1,Wed Aug 01 07:27:04 +0000 2018
32,@BBC,0.6369,0.208,0.792,0.0,"""Y'alright love?"" üòÇ This crow has a Yorkshire accent and it's the best thing you'll hear today. 

#YorkshireDay

https://t.co/3J8BQGiZM7",Wed Aug 01 07:02:06 +0000 2018
33,@BBC,0.0,0.0,1.0,0.0,"The story of a young girl's choice between Oxford and the university of life...

#AnEducation | 10pm | @BBCFour |‚Ä¶ https://t.co/TCSjXsn02B",Tue Jul 31 20:02:08 +0000 2018
34,@BBC,0.5859,0.192,0.808,0.0,"Drama series telling the story of a dysfunctional family, set within a family-run beauty salon.

Age Before Beauty‚Ä¶ https://t.co/axP5dYrHMA",Tue Jul 31 19:01:03 +0000 2018
35,@BBC,0.0,0.0,1.0,0.0,How Australia's first gay imam is 'saving lives'. https://t.co/u2QmgRGHCM,Tue Jul 31 18:02:06 +0000 2018
36,@BBC,0.0,0.0,1.0,0.0,"RT @bbcwritersroom: Writer Debbie Horsfield's new @BBCOne drama #AgeBeforeBeauty begins tonight (Tue 31 July) at 9pm. 

We caught up with D‚Ä¶",Tue Jul 31 16:33:01 +0000 2018
37,@BBC,0.0,0.0,1.0,0.0,"The Old Bridge in Mostar is one of Bosnia-Herzegovina's most famous landmarks. 

But does it connect or divide the‚Ä¶ https://t.co/lycdJ43HRh",Tue Jul 31 16:01:02 +0000 2018
38,@BBC,0.765,0.266,0.734,0.0,"RT @bbcmusic: ""Hopefully my little messages for train passengers will be a nice surprise and a reminder of the power of music as they go ab‚Ä¶",Tue Jul 31 15:19:43 +0000 2018
39,@BBC,0.636,0.208,0.792,0.0,"Congratulations John! üéì A 95-year-old man has graduated from Oxford University, 76 years after he completed his deg‚Ä¶ https://t.co/Mjv2UU11be",Tue Jul 31 14:02:05 +0000 2018
40,@BBC,0.0,0.0,1.0,0.0,"Have you ever spotted hidden messages in the Harry Potter films?
#HappyBirthdayHarryPotter https://t.co/LQa8z7fVRz",Tue Jul 31 13:00:23 +0000 2018
41,@BBC,0.5719,0.188,0.812,0.0,"RT @BBCEarth: In formation üôå

Let's celebrate all the men and women protecting our planet's wildlife üòç
#WorldRangerDay https://t.co/LFQw4w8‚Ä¶",Tue Jul 31 11:41:04 +0000 2018
42,@BBC,0.7178,0.231,0.769,0.0,"Tunnelling work is almost set to begin on London's new super sewer.
But before it can start, some very important th‚Ä¶ https://t.co/MNGD6aJkbt",Tue Jul 31 11:38:00 +0000 2018
43,@BBC,-0.1779,0.0,0.914,0.086,"An Australian family has been startled awake after a kangaroo crashed its way through a window in their home.
üëâ‚Ä¶ https://t.co/5YbVtCndEt",Tue Jul 31 11:07:35 +0000 2018
44,@BBC,0.0,0.0,1.0,0.0,"Watch Leading Lady Parts on @BBCiPlayer üëâ https://t.co/cUPHKLfMfy

#LeadingLadyParts",Tue Jul 31 09:50:02 +0000 2018
45,@BBC,0.1877,0.098,0.902,0.0,"Still without a home and unsure where to turn to next, the future is 'scary' for Kelly. https://t.co/PhwokveWSY",Tue Jul 31 08:02:04 +0000 2018
46,@BBC,0.3612,0.205,0.699,0.096,"Legal permission will no longer be required to end care for patients in a long-term permanent vegetative state, the‚Ä¶ https://t.co/GU2A0uc0mO",Tue Jul 31 07:28:06 +0000 2018
47,@BBC,0.4215,0.192,0.808,0.0,"'I've found random stuff like false teeth.' 

üåäüöØüëèThe diving group picking up litter in the North Sea. https://t.co/kI2MCEpguT",Tue Jul 31 07:00:08 +0000 2018
48,@BBC,-0.7181,0.0,0.539,0.461,"For anyone who doesn't care about Love Island... 

https://t.co/e7axx5lyFk",Mon Jul 30 20:03:04 +0000 2018
49,@BBC,0.0,0.0,1.0,0.0,What makes you resilient? https://t.co/cZS96s7bv0,Mon Jul 30 18:01:04 +0000 2018
50,@BBC,-0.4023,0.0,0.886,0.114,"‚òîÔ∏è It turns out it's not just gratitude that makes rain smell so appealing after a long period of dry weather.

The‚Ä¶ https://t.co/OwSHy0HKnT",Mon Jul 30 17:03:05 +0000 2018
51,@BBC,0.0,0.0,1.0,0.0,"üê∂ Advertising toilet paper using puppies! How it all began... 
#InsideTheFactory https://t.co/gqYOv8YIq1",Mon Jul 30 16:03:04 +0000 2018
52,@BBC,0.0,0.0,1.0,0.0,"üì∏ Photographs from around the world of Friday's #BloodMoon - the longest lunar eclipse of the 21st Century.
üëâ‚Ä¶ https://t.co/o8HGifFeRl",Mon Jul 30 14:03:08 +0000 2018
53,@BBC,-0.8074,0.0,0.7,0.3,"A polar bear has been shot dead after it attacked a cruise ship guard on Norway's Svalbard archipelago, within the‚Ä¶ https://t.co/F3b9a4OlvV",Mon Jul 30 13:04:01 +0000 2018
54,@BBC,0.2572,0.225,0.775,0.0,üê™üöÅ When a sheepdog doesn't quite cut it... https://t.co/l5vk7oKBop,Mon Jul 30 12:01:06 +0000 2018
55,@BBC,0.0,0.0,1.0,0.0,"RT @BBCRadio4: BLOOPERS! 
@ProfBrianCox can't tell his hominins from his hominids. Or possibly the other way around.
Much more Monkey Cage‚Ä¶",Mon Jul 30 11:56:23 +0000 2018
56,@BBC,0.0,0.0,1.0,0.0,"Why Americans will be able to 3D print their own guns from August.

https://t.co/8NR7qFaEZY",Mon Jul 30 11:03:01 +0000 2018
57,@BBC,0.4767,0.134,0.866,0.0,‚ù§Ô∏è The reaction when this little girl showed her school friends her new sports blade gives us all the feels.‚Ä¶ https://t.co/zp4vrauXes,Mon Jul 30 09:00:15 +0000 2018
58,@BBC,0.5562,0.204,0.796,0.0,"Now this is an impressive line-up!

Gemma Arterton, Catherine Tate, @Gemma_Chan1, @emiliaclarke, @IAMLenaHeadey and‚Ä¶ https://t.co/D5rDJJ7dyC",Mon Jul 30 08:13:57 +0000 2018
59,@BBC,0.0,0.0,1.0,0.0,"üêà Our cats may purr when we pet them, but it‚Äôs a much more complicated form of communication than we've assumed.
üëâ‚Ä¶ https://t.co/vz6MdvigWx",Mon Jul 30 07:27:06 +0000 2018
60,@BBC,0.1759,0.248,0.546,0.206,"The pika might just be the world's cutest thief!
#AnimalsBehavingBadly https://t.co/v8dSKoVYgD",Mon Jul 30 07:01:05 +0000 2018
61,@BBC,0.0,0.0,1.0,0.0,RT @bbcarts: Tsundoku: The art of buying books and never reading them https://t.co/nzmym0Gtsh,Sun Jul 29 20:26:13 +0000 2018
62,@BBC,0.0,0.0,1.0,0.0,Stacey Dooley meets a Roma girl who turned to prostitution after she was removed from her parents at 13. https://t.co/I7opQRZ6Z2,Sun Jul 29 20:03:05 +0000 2018
63,@BBC,0.0,0.0,1.0,0.0,"üá∫üá∏ @edballs travels to America's Deep South to immerse himself in the lives of those who put Trump in power, and le‚Ä¶ https://t.co/2oLWounf1y",Sun Jul 29 19:02:05 +0000 2018
64,@BBC,0.6239,0.17,0.83,0.0,"RT @BBCSport: Geraint Thomas has done it! üëèüè¥Û†ÅßÛ†Å¢Û†Å∑Û†Å¨Û†Å≥Û†Åø

He's become the first ever Welshman to win the Tour de France üëâ https://t.co/ZtkRdPtGio‚Ä¶",Sun Jul 29 17:29:30 +0000 2018
65,@BBC,0.3818,0.224,0.776,0.0,üòÇ A Scottish three year old's take on the summer holidays. https://t.co/SaCbnnlnUm,Sun Jul 29 17:03:03 +0000 2018
66,@BBC,0.2263,0.153,0.741,0.106,"üòÄ‚ô•Ô∏è Four-year-old Daniel and 91-year-old Stuart, who has dementia, have struck up an unlikely friendship. https://t.co/DVpVhIssTc",Sun Jul 29 16:06:01 +0000 2018
67,@BBC,0.0,0.0,1.0,0.0,üòÇüì∫üá¶üá± Here‚Äôs what happened when @RomeshRanga went on Albanian TV. https://t.co/WQ8kMjSFco,Sun Jul 29 15:03:02 +0000 2018
68,@BBC,0.6369,0.167,0.833,0.0,Follow live coverage as 150 of the world's best cyclists compete on 200km of closed roads in London and Surrey. üö¥üö¥üö¥‚Ä¶ https://t.co/it0KrVzqqu,Sun Jul 29 14:01:05 +0000 2018
69,@BBC,0.5994,0.182,0.818,0.0,"RT @BBCSportWales: It's a matter of hours until Geraint Thomas is crowned as the first Welshman to win the Tour de France

üëâ Here's how he‚Ä¶",Sun Jul 29 13:20:07 +0000 2018
70,@BBC,-0.3818,0.078,0.781,0.141,"RT @bbcgetinspired: Sam Maycock is fulfilling his dad Nigel's dream by taking on the 100-mile route in #RideLondon.

Nigel died in October‚Ä¶",Sun Jul 29 13:18:07 +0000 2018
71,@BBC,-0.2732,0.142,0.609,0.249,This teenager was banned from performing in drag at his school's end-of-year talent show. https://t.co/Hi6uXtSAFz,Sun Jul 29 13:01:07 +0000 2018
72,@BBC,0.0,0.0,1.0,0.0,"RT @BBCFood: Get the whole family making jaffa cakes this weekend üëá
https://t.co/8R0azXouDH https://t.co/xEC8aeQGs0",Sun Jul 29 11:21:30 +0000 2018
73,@BBC,0.0,0.0,1.0,0.0,"What is #ThinPrivilege and who has it?
üëâ https://t.co/Ocbj6tAabk https://t.co/HMapWPvJt1",Sun Jul 29 11:01:05 +0000 2018
74,@BBC,0.0,0.0,1.0,0.0,"Researchers have found evidence of an existing body of liquid water on Mars.
üëâ https://t.co/cmykUjdfxy https://t.co/d4FhfFj5Sr",Sun Jul 29 10:12:02 +0000 2018
75,@BBC,0.4215,0.135,0.865,0.0,"üòÇ With 37 Facebook likes and the world's most convoluted chant, the CNCSC is a force to be reckoned with.‚Ä¶ https://t.co/7wQhKjH26j",Sun Jul 29 09:03:08 +0000 2018
76,@BBC,-0.8555,0.0,0.561,0.439,"üò• An endangered red squirrel has died after becoming trapped inside a discarded plastic jar.
üëâ‚Ä¶ https://t.co/19IZCDeWBZ",Sun Jul 29 08:01:07 +0000 2018
77,@BBC,0.4939,0.242,0.758,0.0,"Two tiger brothers enjoy their first swimming lesson. üêØüí¶ #InternationalTigerDay

https://t.co/QNRnmqTcK5",Sun Jul 29 07:01:03 +0000 2018
78,@BBC,0.3612,0.135,0.865,0.0,"Stand-up comedy from Stewart Lee, recorded live from the Palace Theatre, Southend-on-Sea. 

Stewart Lee Content Pro‚Ä¶ https://t.co/VCNnbkhi7J",Sat Jul 28 20:45:06 +0000 2018
79,@BBC,0.6361,0.173,0.827,0.0,"RT @BBCOne: These seadragons are dancing together in a courtship ritual - and it's absolutely beautiful.

The complete series of Life is av‚Ä¶",Sat Jul 28 20:29:40 +0000 2018
80,@BBC,-0.4019,0.0,0.787,0.213,The shocking story of a young man who shot his parents. https://t.co/6O1qzsiKAk,Sat Jul 28 20:02:03 +0000 2018
81,@BBC,0.0,0.0,1.0,0.0,RT @BBCTwo: Ever wondered how toilets are made? We're going #InsideTheFactory... üöΩüòÑ https://t.co/lgFuM6ER2p,Sat Jul 28 18:12:24 +0000 2018
82,@BBC,0.0,0.0,1.0,0.0,üòÇ Genius https://t.co/nqWGYEEBy4,Sat Jul 28 18:07:05 +0000 2018
83,@BBC,-0.0191,0.0,0.924,0.076,"'Doesn't matter what's written on the packet, wet wipes do not disintegrate.'
#TheFiveBillionPoundSuperSewer https://t.co/Ja9nBFnr6b",Sat Jul 28 17:03:00 +0000 2018
84,@BBC,0.3182,0.223,0.777,0.0,"Are you sure you don‚Äôt gender-stereotype children?
#NoMoreBoysAndGirls https://t.co/iThZ2P6REW",Sat Jul 28 16:03:06 +0000 2018
85,@BBC,0.5719,0.163,0.837,0.0,"RT @bbcideas: Gin and tonic, the perfect pair. So, how did they come together? ü§î

More Edible Histories üé•: https://t.co/8nH3A1rqFP https://‚Ä¶",Sat Jul 28 15:31:04 +0000 2018
86,@BBC,0.5859,0.132,0.868,0.0,"RT @BBCSport: Geraint Thomas just needs to roll over the line in Paris tomorrow to win the 2018 Tour de France.

He'll become the first Wel‚Ä¶",Sat Jul 28 15:30:28 +0000 2018
87,@BBC,-0.8658,0.0,0.481,0.519,"Branded and beaten: The children accused of witchcraft and murder.
üëâ https://t.co/0Lzx9wdLa1 https://t.co/Syvy5ca7QG",Sat Jul 28 15:04:06 +0000 2018
88,@BBC,0.5106,0.32,0.68,0.0,üêæ‚ù§Ô∏è Heaven really is a place on Earth... https://t.co/hCE7MqzF2P,Sat Jul 28 14:06:01 +0000 2018
89,@BBC,0.0,0.0,1.0,0.0,üìñü•™ A brief history of the humble sarnie. https://t.co/25GXnqIXZy,Sat Jul 28 13:02:06 +0000 2018
90,@BBC,0.0,0.0,1.0,0.0,"RT @bbcgetinspired: ""You can rise again, it's not as though one thing happens to you and that's the end of your story."" 

After being hit b‚Ä¶",Sat Jul 28 12:02:40 +0000 2018
91,@BBC,0.0,0.0,1.0,0.0,RT @BBCScienceNews: Climate change made heatwave 'twice as likely' https://t.co/FQqzyhbiK4,Sat Jul 28 12:02:08 +0000 2018
92,@BBC,0.7157,0.282,0.633,0.085,"üß† 'Damaging your brain might not kill you, but can change your behaviour.'

Five fascinating facts about the human‚Ä¶ https://t.co/XLoaV7C1uM",Sat Jul 28 11:03:04 +0000 2018
93,@BBC,0.4389,0.138,0.862,0.0,"RT @BBCWorld: Simply stunning!

The longest #BloodMoon eclipse of the 21st Century as seen around the world

https://t.co/aHwGkVc3OP https:‚Ä¶",Sat Jul 28 10:46:22 +0000 2018
94,@BBC,0.4019,0.213,0.787,0.0,Need to clean your headphone socket? Check out this #TechHack. https://t.co/RDtpHt03ZX,Sat Jul 28 10:05:04 +0000 2018
95,@BBC,0.6369,0.198,0.802,0.0,"üìöüåç With classic and contemporary choices perfectly matched to destinations all over the world, here's your ultimate‚Ä¶ https://t.co/fsadf3W3rU",Sat Jul 28 09:03:03 +0000 2018
96,@BBC,0.0,0.0,1.0,0.0,üõå Namastay in bed! https://t.co/s2J2Uf4U99,Sat Jul 28 08:02:06 +0000 2018
97,@BBC,0.4939,0.39,0.61,0.0,üê∂ Hearing dogs can save a life. https://t.co/bTcvuvGYJt,Sat Jul 28 07:05:02 +0000 2018
98,@BBC,0.6908,0.261,0.739,0.0,A pair of beavers are being released into the Forest of Dean with the hope they'll help prevent flooding in the are‚Ä¶ https://t.co/wD23PTQUPg,Fri Jul 27 18:01:08 +0000 2018
99,@BBC,0.4404,0.172,0.828,0.0,RT @bbcpress: Stellar cast and creative team unveiled for @BBCOne adaptation of @PhilipPullman's #HisDarkMaterials: https://t.co/4Bm3OIaXCH‚Ä¶,Fri Jul 27 17:47:28 +0000 2018
100,@CBS,0.9098,0.469,0.531,0.0,Celebrate #NationalAvocadoDay with @letsmakeadeal. ü•ë Relive this #LMAD moment when an avocado wins one amazing deal! https://t.co/QS8GLajWU5,Tue Jul 31 21:02:33 +0000 2018
101,@CBS,0.34,0.124,0.876,0.0,"Housewives. PTA moms. School volunteers. Starting TONIGHT, hear the stories of seemingly innocent women who put it‚Ä¶ https://t.co/5TA15OiTuh",Sat Jul 28 16:43:56 +0000 2018
102,@CBS,0.5707,0.187,0.813,0.0,"This is one allowance that can‚Äôt be beat! Kids are winning big this week on @PriceIsRight. üéâ
 https://t.co/lncKu9XvNo",Wed Jul 25 17:25:36 +0000 2018
103,@CBS,0.0,0.0,1.0,0.0,"Renowned artists Cher, Philip Glass, Reba McEntire, Wayne Shorter, and the co-creators of #Hamilton will be recogni‚Ä¶ https://t.co/PEjjI9MKE1",Wed Jul 25 15:12:31 +0000 2018
104,@CBS,0.34,0.118,0.882,0.0,Who's excited for the return of @MurphyBrownCBS? Here's a behind-the-scenes look at the first table read of the sea‚Ä¶ https://t.co/1B5S4WJnCW,Wed Jul 25 01:05:03 +0000 2018
105,@CBS,-0.1511,0.068,0.834,0.099,"Mark your calendars because you won‚Äôt want to miss this! Former Secretaries of State @HillaryClinton, @Madeleine, a‚Ä¶ https://t.co/JKDPp97OqN",Tue Jul 24 18:54:14 +0000 2018
106,@CBS,0.8293,0.34,0.66,0.0,The cast couldn‚Äôt be more excited to welcome @ansonmount into the @startrekcbs family! Who‚Äôs ready to see the iconi‚Ä¶ https://t.co/fOS4f4VCb2,Mon Jul 23 21:30:33 +0000 2018
107,@CBS,0.128,0.073,0.927,0.0,RT @startrekcbs: Stream the full panel &amp; learn all the exclusive details revealed about season 2 of #StarTrekDiscovery at @Comic_Con: https‚Ä¶,Sun Jul 22 01:56:13 +0000 2018
108,@CBS,-0.296,0.0,0.891,0.109,RT @MagnumPICBS: Couldn't make it to San Diego for the #MagnumPI panel? Here's everything you missed at #SDCC2018: https://t.co/Z7IBqF1YJ8‚Ä¶,Sat Jul 21 00:55:28 +0000 2018
109,@CBS,-0.296,0.0,0.891,0.109,RT @bigbangtheory: The #BigBangTheory writers teased a honeymoon episode and more @YoungSheldon characters in Season 12 while speaking at #‚Ä¶,Sat Jul 21 00:19:12 +0000 2018
110,@CBS,-0.7964,0.0,0.736,0.264,"RT @TrueCrimeCBS: When you find out you‚Äôve been treated with chemo, but you don‚Äôt have cancer. #Whistleblower https://t.co/DAKwu1vcNX",Sat Jul 21 00:10:00 +0000 2018
111,@CBS,-0.6597,0.0,0.82,0.18,George blew the whistle on a doctor targeting those who believed they had cancer. What was the outcome? Find out to‚Ä¶ https://t.co/rLlNzlK3Cy,Fri Jul 20 23:44:54 +0000 2018
112,@CBS,0.3182,0.095,0.905,0.0,"RT @startrekcbs: Discover the next adventure of Starfleet in this first look at the season 2 premiere, coming early 2019. Season 1 is now s‚Ä¶",Fri Jul 20 22:29:36 +0000 2018
113,@CBS,0.0,0.0,1.0,0.0,Take a trip down memory lane with the cast and crew of @MagnumPICBS at #SDCC2018! https://t.co/jHVxm7kyaT,Fri Jul 20 21:39:09 +0000 2018
114,@CBS,0.0,0.0,1.0,0.0,"This @cbsallaccess series is unlike any fairy tale you've ever seen before. @paulwesley, @kevwilliamson &amp;‚Ä¶ https://t.co/icsSnPxKAr",Fri Jul 20 15:08:23 +0000 2018
115,@CBS,0.0,0.0,1.0,0.0,ü§∞üë©‚Äçüëßüö´üç∏ #WorldEmojiDay,Tue Jul 17 17:55:25 +0000 2018
116,@CBS,0.0,0.0,1.0,0.0,üë®üìù‚úîÔ∏è¬†#WorldEmojiDay,Tue Jul 17 17:22:29 +0000 2018
117,@CBS,0.0,0.0,1.0,0.0,üë©‚Äçüíºüíºüá∫üá∏¬†#WorldEmojiDay,Tue Jul 17 17:22:29 +0000 2018
118,@CBS,0.0,0.0,1.0,0.0,üïµÔ∏èüïµÔ∏è‚Äç‚ôÄÔ∏è¬†#WorldEmojiDay,Tue Jul 17 17:22:29 +0000 2018
119,@CBS,0.0,0.0,1.0,0.0,‚öìÔ∏èü¶Öüá∫üá∏¬†#WorldEmojiDay,Tue Jul 17 17:22:29 +0000 2018
120,@CBS,0.0,0.0,1.0,0.0,üèÑüå¥üöî¬†#WorldEmojiDay,Tue Jul 17 17:22:29 +0000 2018
121,@CBS,0.0,0.0,1.0,0.0,üíôüëÆüçΩ¬†#WorldEmojiDay,Tue Jul 17 17:22:28 +0000 2018
122,@CBS,0.0,0.0,1.0,0.0,üí£üìé¬†#WorldEmojiDay,Tue Jul 17 17:22:28 +0000 2018
123,@CBS,0.0,0.0,1.0,0.0,üåé‚òÑÔ∏è¬†#WorldEmojiDay,Tue Jul 17 17:22:28 +0000 2018
124,@CBS,0.0,0.0,1.0,0.0,üè∑üí∞üé∞¬†#WorldEmojiDay,Tue Jul 17 17:22:28 +0000 2018
125,@CBS,0.0,0.0,1.0,0.0,üë∂üò¥üö´¬†#WorldEmojiDay,Tue Jul 17 17:22:28 +0000 2018
126,@CBS,0.0,0.0,1.0,0.0,ü§ùüíºüí∞¬†#WorldEmojiDay,Tue Jul 17 17:22:28 +0000 2018
127,@CBS,0.0,0.0,1.0,0.0,üíÑüë†üì∑¬†#WorldEmojiDay,Tue Jul 17 17:22:27 +0000 2018
128,@CBS,0.0,0.0,1.0,0.0,üèùüî•üíµ¬†#WorldEmojiDay,Tue Jul 17 17:22:27 +0000 2018
129,@CBS,0.0,0.0,1.0,0.0,üêÆ‚öñÔ∏è¬†#WorldEmojiDay,Tue Jul 17 17:22:27 +0000 2018
130,@CBS,0.0,0.0,1.0,0.0,üè†üìπüìπüìπ¬†#WorldEmojiDay,Tue Jul 17 17:22:27 +0000 2018
131,@CBS,0.0,0.0,1.0,0.0,üë∂üí•üåéüî¨¬†#WorldEmojiDay,Tue Jul 17 17:22:27 +0000 2018
132,@CBS,0.0,0.0,1.0,0.0,üí•üåéüî¨¬†#WorldEmojiDay,Tue Jul 17 17:22:26 +0000 2018
133,@CBS,0.807,0.3,0.7,0.0,Celebrate #WorldEmojiDay with a fun game! Use the emoji sequences below to guess the CBS show. üëá Tweet your respons‚Ä¶ https://t.co/LCqvuVtkXK,Tue Jul 17 17:22:26 +0000 2018
134,@CBS,0.1139,0.078,0.922,0.0,"Stand up. Speak up. Blow the whistle. 

Don't miss the premiere of the @TrueCrimeCBS series #Whistleblower tonight‚Ä¶ https://t.co/uNhx4Codc2",Fri Jul 13 21:35:01 +0000 2018
135,@CBS,-0.4404,0.0,0.868,0.132,"RT @TheNeighborhood: There's a new family on the block, and they're about to turn this neighborhood upside down. @CedEntertainer and @Tichi‚Ä¶",Fri Jul 13 21:15:41 +0000 2018
136,@CBS,0.0,0.0,1.0,0.0,Take a walk down @YandR_CBS memory lane with stars @JessWaltonYR and Peter Bergman! You can watch full episodes of‚Ä¶ https://t.co/MZEUfiJJyb,Fri Jul 13 17:49:38 +0000 2018
137,@CBS,0.6514,0.282,0.718,0.0,RT @TKOCBS: Prepare to have some major FUN. #TKO starts NOW! https://t.co/i2ftL6GCj5,Thu Jul 12 01:01:24 +0000 2018
138,@CBS,0.5562,0.174,0.826,0.0,"It‚Äôs fun, different, unique, and finally here! @TKOCBS hosted by @KevinHart4real premieres at 9/8c on CBS and‚Ä¶ https://t.co/MCeVLVK85i",Wed Jul 11 21:44:45 +0000 2018
139,@CBS,0.5411,0.143,0.857,0.0,"RT @MagnumPICBS: Talk about hands-on research! #MagnumPI's cast had the honor of joining the US Navy Submarine Force, US Pacific Fleet #Sub‚Ä¶",Wed Jul 11 19:09:34 +0000 2018
140,@CBS,0.0,0.0,1.0,0.0,Time to mark your calendars! CBS' fall 2018 premiere lineup has been announced: https://t.co/yYv3H9aEO7 https://t.co/lRxAA7suie,Mon Jul 09 23:55:07 +0000 2018
141,@CBS,-0.3818,0.0,0.894,0.106,"RT @TKOCBS: The Ball Buster, the Frisboom, the Spike Launcher, and the Slammer‚Ä¶ Get to know all of the #TKO Battle Stations: https://t.co/2‚Ä¶",Mon Jul 09 18:53:34 +0000 2018
142,@CBS,0.3182,0.103,0.897,0.0,"RT @cbsallaccess: How much does it cost to bury the truth? #OneDollar premieres August 30, exclusively on CBS All Access. https://t.co/2HdY‚Ä¶",Mon Jul 09 18:09:00 +0000 2018
143,@CBS,0.4019,0.153,0.847,0.0,"RT @SalvationCBS: Mark your calendars, #Salvies: Monday's new #SalvationCBS will air at a special time, 10/9c. https://t.co/RUh1J7cfj8",Fri Jul 06 22:22:55 +0000 2018
144,@CBS,0.7777,0.343,0.657,0.0,Happy #InternationalKissingDay! See which stars we caught locking lips on the CBS Kiss Cam. üòò https://t.co/oMPCHZlgCl,Fri Jul 06 18:26:37 +0000 2018
145,@CBS,0.3612,0.102,0.898,0.0,Have you heard? Tonight's the first Live Show of #BB20. Grab a seat and get ready to watch the action unfold on CBS‚Ä¶ https://t.co/0YgRV1HLGd,Thu Jul 05 21:12:17 +0000 2018
146,@CBS,0.3182,0.108,0.892,0.0,"How much does it cost to bury the truth? #OneDollar premieres Thursday, August 30, exclusively on CBS All Access.‚Ä¶ https://t.co/1tab8eCaFz",Mon Jul 02 21:13:11 +0000 2018
147,@CBS,0.0,0.0,1.0,0.0,Take a first look at our @Comic_Con lineup along with details of what you can expect to see:‚Ä¶ https://t.co/JqBtlKcwq3,Mon Jul 02 20:47:32 +0000 2018
148,@CBS,0.0,0.0,1.0,0.0,RT @TrueCrimeCBS: Two new true-crime series are set to premiere this July on CBS! Learn more about #Whistleblower and #PinkCollarCrimes bef‚Ä¶,Mon Jul 02 17:27:06 +0000 2018
149,@CBS,0.5411,0.259,0.741,0.0,"If at first you don‚Äôt succeed on @PriceIsRight‚Ä¶bid, bid again! https://t.co/OWBaOsFZ3i",Mon Jul 02 17:00:02 +0000 2018
150,@CBS,0.0,0.0,1.0,0.0,What‚Äôs summer without @CBSBigBrother? ‚òÄÔ∏è RT if you‚Äôre counting down the hours to the #BB20 premiere TONIGHT at 8/7c‚Ä¶ https://t.co/Xp1s4Fp5J8,Wed Jun 27 20:31:32 +0000 2018
151,@CBS,0.7574,0.289,0.711,0.0,"It looks like you...

(‚Ä¢_‚Ä¢)
( ‚Ä¢_‚Ä¢)&gt;‚åê‚ñ†-‚ñ†
(‚åê‚ñ†_‚ñ†)

Have a lot of TV to watch!

Celebrate #NationalSunglassesDay with H‚Ä¶ https://t.co/Babt4ajIgV",Wed Jun 27 14:00:01 +0000 2018
152,@CBS,0.5574,0.204,0.796,0.0,The world will finally know the truth. ‚òÑÔ∏è Make sure to tune in to the heart-pounding Season 2 premiere of‚Ä¶ https://t.co/mqMleW90DY,Mon Jun 25 18:20:25 +0000 2018
153,@CBS,0.1867,0.098,0.902,0.0,Tonight's the night! Don't miss model @ashleygraham on the season finale of Celebrity @undercover_cbs at 8/7c. https://t.co/iBxAOcOF7a,Fri Jun 22 21:19:06 +0000 2018
154,@CBS,0.4199,0.189,0.811,0.0,"Every day is #TakeYourDogToWorkDay for shows like @HawaiiFive0CBS, @MomCBS, @SEALTeamCBS, and @bigbangtheory! https://t.co/DJaOt1VQcw",Fri Jun 22 18:33:53 +0000 2018
155,@CBS,0.4926,0.242,0.758,0.0,"Lights, camera, selfie! üì∏¬†Could there be a better photo for #NationalSelfieDay? https://t.co/14Ewx64yKC",Thu Jun 21 23:29:50 +0000 2018
156,@CBS,0.3555,0.222,0.642,0.136,There‚Äôs nothing quite like watching a contestant win a brand new car on @PriceIsRight. üëè  https://t.co/aKlFikYAMM,Wed Jun 20 00:39:01 +0000 2018
157,@CBS,0.0,0.0,1.0,0.0,Time to make your predictions for #BB20! üëè Get to know the @CBSBigBrother Houseguests before the big premiere next‚Ä¶ https://t.co/jlpIchJ9sk,Mon Jun 18 20:27:50 +0000 2018
158,@CBS,0.0,0.0,1.0,0.0,RT @CBSBigBrother: Meet the cast of #BB20... before anyone else! Start streaming all their live interviews beginning at 11am EST/8am PST on‚Ä¶,Mon Jun 18 15:00:46 +0000 2018
159,@CBS,0.9392,0.493,0.507,0.0,"Today and every day we celebrate their love, guidance, and support. Happy #FathersDay to every kind of dad! https://t.co/Wffax1khBH",Sun Jun 17 13:00:01 +0000 2018
160,@CBS,0.3595,0.128,0.872,0.0,"Casting Alert! @paulwesley, @DaniaJRamirez &amp; @JamesWolk are set to star in the upcoming CBS All Access psychologica‚Ä¶ https://t.co/JnZMrzT92n",Fri Jun 15 18:48:29 +0000 2018
161,@CBS,-0.296,0.0,0.833,0.167,"In case you missed it, watch the entire #TonyAwards now: https://t.co/Bm0yNV3Ff3 https://t.co/h3YnFkmSQJ",Thu Jun 14 17:30:00 +0000 2018
162,@CBS,0.1779,0.147,0.734,0.12,RT @StrangeAngel: Mastermind or maniac? Explore the brilliant mind of Jack Parsons in #StrangeAngel. Now streaming on CBS All Access: https‚Ä¶,Thu Jun 14 16:19:32 +0000 2018
163,@CBS,-0.5562,0.134,0.551,0.315,"No pain, no gain, ALL Hart! Just one month until the premiere of @TKOCBS hosted by @KevinHart4real. https://t.co/C1yMCglxVn",Tue Jun 12 00:19:23 +0000 2018
164,@CBS,0.5093,0.171,0.829,0.0,"RT @TheNeighborhood: Welcome to #TheNeighborhood, @BethBehrs! The @2BrokeGirls star returns to @CBS in a new sitcom alongside @CedEntertain‚Ä¶",Mon Jun 11 22:23:06 +0000 2018
165,@CBS,-0.296,0.0,0.833,0.167,"In case you missed it, watch the entire #TonyAwards now: https://t.co/Bm0yNV3Ff3 https://t.co/3GA5otlcPa",Mon Jun 11 19:01:38 +0000 2018
166,@CBS,0.0,0.0,1.0,0.0,How do you know @SaraBareilles and @joshgroban's music? #TonyAwards https://t.co/POMXBORfUT,Mon Jun 11 14:00:37 +0000 2018
167,@CBS,0.0,0.0,1.0,0.0,Here are all the performances from the 2018 #TonyAwards: https://t.co/gN4ItpFlRd https://t.co/fSMNBXKC9r,Mon Jun 11 06:19:36 +0000 2018
168,@CBS,0.4767,0.22,0.78,0.0,See the complete list of winners from the 2018 #TonyAwards: https://t.co/9XK6CGeber https://t.co/HkUIN4Quej,Mon Jun 11 06:04:41 +0000 2018
169,@CBS,0.8478,0.406,0.594,0.0,An end to a magical evening. The Band's Visit wins for Best Musical! #TonyAwards https://t.co/ODza97n8YH,Mon Jun 11 03:10:33 +0000 2018
170,@CBS,0.92,0.463,0.537,0.0,Congratulations are in order for @TheKatrinaLenk! She just won for Best Leading Actress in a Musical. #TonyAwards https://t.co/t9bNvpiEmH,Mon Jun 11 03:02:06 +0000 2018
171,@CBS,0.0,0.0,1.0,0.0,"RT @CBSThisMorning: Hmm... something seems off here @SaraBareilles @JoshGroban. üòÇ

@WaitressMusical @GreatCometBway #TonyAwards https://t.c‚Ä¶",Mon Jun 11 02:58:30 +0000 2018
172,@CBS,0.4404,0.153,0.847,0.0,RT @_stobin13: watching the #TonyAwards after going to 3 broadway shows this weekend makes it even better üòçü§©,Mon Jun 11 02:56:40 +0000 2018
173,@CBS,0.836,0.467,0.533,0.0,Tony Shalhoub wins Best Leading Actor in a Musical. #TonyAwards   #TheBandsVisit https://t.co/KcUDSicKI5,Mon Jun 11 02:56:10 +0000 2018
174,@CBS,0.0,0.0,1.0,0.0,The Boss looks right at home on the #TonyAwards stage! https://t.co/pwjv4iydkn,Mon Jun 11 02:53:00 +0000 2018
175,@CBS,0.6369,0.318,0.682,0.0,RT @Aatamianphoto: Springsteen is on the #TonyAwards and I love it.,Mon Jun 11 02:47:29 +0000 2018
176,@CBS,0.7978,0.543,0.457,0.0,Inspiration: Get to your YES! #OnceOnThisIsland #TonyAwards https://t.co/Wjp0QIWfXq,Mon Jun 11 02:44:50 +0000 2018
177,@CBS,0.9523,0.55,0.45,0.0,The feeling when you win a Tony. üôå¬†Congratulations to Once on This Island for winning Best Revival of a Musical!‚Ä¶ https://t.co/UpFCqgBTwh,Mon Jun 11 02:44:37 +0000 2018
178,@CBS,0.5994,0.302,0.698,0.0,What a beautiful performance by the cast of #TheBandsVisit. #TonyAwards https://t.co/4Hw96kZvrf,Mon Jun 11 02:33:09 +0000 2018
179,@CBS,0.4215,0.123,0.877,0.0,"""I'm a living example of how theatre can change you - and it didn't just change me, it saved me."" @JohnLeguizamo at‚Ä¶ https://t.co/4ICwMhb6hv",Mon Jun 11 02:29:18 +0000 2018
180,@CBS,0.8932,0.517,0.483,0.0,Angels in America takes the win for Best Revival of a Play! #TonyAwards https://t.co/zodW61tw8a,Mon Jun 11 02:23:56 +0000 2018
181,@CBS,0.0,0.0,1.0,0.0,"RT @leahableson: The Once On This Island Goat And Chicken made it to the broadcast, Mama WILL provide #TonyAwards",Mon Jun 11 02:21:03 +0000 2018
182,@CBS,0.0,0.0,1.0,0.0,That performance was the GOAT. #TonyAwards https://t.co/mtoU92HipQ,Mon Jun 11 02:16:06 +0000 2018
183,@CBS,0.8908,0.491,0.509,0.0,Harry Potter and the Cursed Child wins Best Play at the #TonyAwards! @HPPlayNYC https://t.co/WIqJQmtAlN,Mon Jun 11 02:11:03 +0000 2018
184,@CBS,0.0,0.0,1.0,0.0,üé∂ ‚ÄúLet's dance this last dance tonight.‚Äù üé∂ #TonyAwards #DonnaSummerMusical https://t.co/UAIaglChfv,Mon Jun 11 02:05:47 +0000 2018
185,@CBS,0.4926,0.262,0.738,0.0,Hope he brought enough birthday cake for everyone! #TonyAwards https://t.co/FlLbKV6oj8,Mon Jun 11 02:03:31 +0000 2018
186,@CBS,0.5093,0.523,0.477,0.0,@writerlindsayb You're welcome! #TonyAwards,Mon Jun 11 01:58:48 +0000 2018
187,@CBS,0.7579,0.565,0.435,0.0,RT @hjmayer8: I sure do love @DearEvanHansen üíô #TonyAwards,Mon Jun 11 01:53:17 +0000 2018
188,@CBS,0.6467,0.248,0.752,0.0,"RT @Valerie4815: What a birthday present, the Tony audience singing happy birthday to you!! #TonyAwards",Mon Jun 11 01:51:16 +0000 2018
189,@CBS,0.0,0.0,1.0,0.0,If only this performance could go on forever. #TonyAwards @FrozenBroadway https://t.co/p2BMUvyTxr,Mon Jun 11 01:38:23 +0000 2018
190,@CBS,0.636,0.276,0.724,0.0,RT @anna_villanueva: Magnificent performance from the cast of @FrozenBroadway! #TonyAwards2018 #TonyAwards #Tonys,Mon Jun 11 01:37:36 +0000 2018
191,@CBS,0.8834,0.563,0.437,0.0,Glenda Jackson wins Best Leading Actress in a Play. #TonyAwards @threetallwomen https://t.co/GRp1gcBuiW,Mon Jun 11 01:30:56 +0000 2018
192,@CBS,0.0,0.0,1.0,0.0,.@SaraBareilles is totally a Gryffindor. #TonyAwards https://t.co/OPQ7esk2dn,Mon Jun 11 01:29:21 +0000 2018
193,@CBS,0.7351,0.296,0.625,0.079,RT @IzzyNY202: How impressive are these Marjory Stoneman Douglas students? That #TonyAwards performance reduced me to tears. Amazing.,Mon Jun 11 01:26:03 +0000 2018
194,@CBS,0.0,0.0,1.0,0.0,RT @KatLargent: MAGIC #TonyAwards,Mon Jun 11 01:25:59 +0000 2018
195,@CBS,0.0,0.0,1.0,0.0,Such a touching moment at the #TonyAwards. ‚ù§Ô∏è https://t.co/4kJWTHVPZ8,Mon Jun 11 01:24:46 +0000 2018
196,@CBS,0.4019,0.162,0.838,0.0,.@Matt_Morrison welcomes the Marjory Stoneman Douglas High School theatre department to the stage. #TonyAwards https://t.co/5dxa9smeka,Mon Jun 11 01:24:12 +0000 2018
197,@CBS,0.9151,0.457,0.543,0.0,So many feels at the #TonyAwards. Congratulations to @arielstachel for winning Best Featured Actor in a Musical!‚Ä¶ https://t.co/m1aRNIHPRK,Mon Jun 11 01:19:59 +0000 2018
198,@CBS,0.6369,0.375,0.625,0.0,RT @McBenefit: I love everything about you @UzoAduba. #TonyAwards,Mon Jun 11 01:12:31 +0000 2018
199,@CBS,0.1511,0.102,0.898,0.0,RT if that musical number by the cast of Carousel blew you away! #TonyAwards https://t.co/CMzMNtcAQO,Mon Jun 11 01:08:28 +0000 2018
200,@CNN,0.0,0.0,1.0,0.0,"Arnold Schwarzenegger takes another jab at Trump‚Äôs auto emissions plans, which would revoke Obama-era environmental‚Ä¶ https://t.co/wfC8RqGB9M",Fri Aug 03 16:35:00 +0000 2018
201,@CNN,0.6369,0.189,0.811,0.0,"Brookstone, the mall and airport seller best known for massage chairs, quirky gadgets and travel luggage, has filed‚Ä¶ https://t.co/pF2YswxKFV",Fri Aug 03 16:22:07 +0000 2018
202,@CNN,-0.7717,0.0,0.7,0.3,"She confronted her harasser, and he punched her in the face. Now she's fighting back.

This week, France passed a n‚Ä¶ https://t.co/0xCopADyRF",Fri Aug 03 16:11:28 +0000 2018
203,@CNN,-0.6124,0.086,0.677,0.237,JUST IN: The man suspected of killing a prominent Houston doctor in broad daylight two weeks ago has been found dea‚Ä¶ https://t.co/cGLJ1zwXNF,Fri Aug 03 16:11:03 +0000 2018
204,@CNN,-0.2732,0.0,0.89,0.11,Your stomach will drop as you watch this massive cargo plane loop upside-down in the sky https://t.co/80aZHRR05O https://t.co/kzydF8brnv,Fri Aug 03 16:08:58 +0000 2018
205,@CNN,-0.5994,0.098,0.638,0.264,"Police are holding a press conference to give updates on the suspected killer of a prominent Houston doctor.

Watch‚Ä¶ https://t.co/yuwsaz26gn",Fri Aug 03 16:05:22 +0000 2018
206,@CNN,-0.34,0.0,0.844,0.156,This is how fast the Carr Fire is spreading in Northern California https://t.co/dXcwM87BB5 https://t.co/rU3jNRwyHM,Fri Aug 03 16:00:19 +0000 2018
207,@CNN,-0.5106,0.0,0.829,0.171,A search is underway for a 12-year-old girl who was allegedly abducted from Ronald Reagan Washington National Airpo‚Ä¶ https://t.co/Q7mRpYB5vG,Fri Aug 03 15:50:06 +0000 2018
208,@CNN,0.5719,0.291,0.709,0.0,WWE wrestler Kane wins mayoral race in Tennessee https://t.co/kQaVkv0YnI https://t.co/HSs0GOL06b,Fri Aug 03 15:40:04 +0000 2018
209,@CNN,0.4404,0.139,0.861,0.0,"Horticultural therapy uses plants and gardening to improve health, and studies have shown that it results in shorte‚Ä¶ https://t.co/UOzfftBw3Z",Fri Aug 03 15:30:06 +0000 2018
210,@CNN,0.0,0.0,1.0,0.0,"These middle-aged Japanese men can be rented, for almost any purpose, for just 1,000 yen per hour (about US $9).‚Ä¶ https://t.co/dUbXaAktVd",Fri Aug 03 15:20:06 +0000 2018
211,@CNN,0.0,0.0,1.0,0.0,Technology helped America's economy way more than we thought https://t.co/Y1C90yqaZx https://t.co/4qHXPlLYOG,Fri Aug 03 15:10:06 +0000 2018
212,@CNN,0.0,0.0,1.0,0.0,"Seattle's Space Needle just got a see-through floor, and it revolves. It's the world's first and only revolving gla‚Ä¶ https://t.co/ZiDyJN4zzO",Fri Aug 03 15:00:01 +0000 2018
213,@CNN,0.5719,0.156,0.844,0.0,Alexandria Ocasio-Cortez won in New York. Now her allies are taking on the Midwest. Most of the candidates now ridi‚Ä¶ https://t.co/B7lSXxhlpE,Fri Aug 03 14:55:00 +0000 2018
214,@CNN,0.3182,0.15,0.778,0.072,NASA backs designs for 3D-printed homes on Mars ‚Äî and they look like beehives https://t.co/SSC6hCZpTY https://t.co/ELioeN8E1z,Fri Aug 03 14:46:49 +0000 2018
215,@CNN,0.2263,0.079,0.921,0.0,China has announced plans to put tariffs of up to 25% on US imports worth $60 billion if the Trump administration f‚Ä¶ https://t.co/jd4bFffSFL,Fri Aug 03 14:30:34 +0000 2018
216,@CNN,-0.5423,0.0,0.769,0.231,A Detroit police officer has been suspended with pay after a bystander's video showed him punching a possibly menta‚Ä¶ https://t.co/rwz2riMaY2,Fri Aug 03 14:22:04 +0000 2018
217,@CNN,-0.6486,0.0,0.798,0.202,Thousands of dead marine animals are piling up on Florida's southwest beaches. They're clogging inlets and canals.‚Ä¶ https://t.co/NJh9YgR4UH,Fri Aug 03 14:12:40 +0000 2018
218,@CNN,0.4019,0.144,0.856,0.0,It started as a hobby. But now they're using DNA to help cops crack cold cases. https://t.co/uBnuq5xzVw https://t.co/zmG4zFICes,Fri Aug 03 13:59:46 +0000 2018
219,@CNN,-0.4767,0.0,0.819,0.181,It's a terrible time to be a Washington Republican running for absolutely anything | Analysis by @CillizzaCNN‚Ä¶ https://t.co/9a6jsbqjKN,Fri Aug 03 13:49:19 +0000 2018
220,@CNN,0.34,0.103,0.897,0.0,"After Apple became the first American company to hit $1 trillion in market value, CEO Tim Cook told employees to ke‚Ä¶ https://t.co/xLuYu9AIPC",Fri Aug 03 13:37:48 +0000 2018
221,@CNN,-0.4404,0.0,0.861,0.139,"The unemployment rate fell to 3.9% and the economy added 157,000 jobs in July, the Labor Department says‚Ä¶ https://t.co/jLuR62Lx9f",Fri Aug 03 13:27:57 +0000 2018
222,@CNN,0.0,0.0,1.0,0.0,The tallest building in Europe is nearly complete https://t.co/nlpV1Fu1oO,Fri Aug 03 13:21:29 +0000 2018
223,@CNN,0.2263,0.091,0.909,0.0,JUST IN: China has announced plans to put tariffs of up to 25% on US products worth $60 billion‚Ä¶ https://t.co/tSGqaOQc07,Fri Aug 03 13:08:13 +0000 2018
224,@CNN,-0.5423,0.0,0.769,0.231,A Detroit police officer has been suspended with pay after a bystander's video showed him punching a possibly menta‚Ä¶ https://t.co/joqJ8y0pRF,Fri Aug 03 13:01:44 +0000 2018
225,@CNN,-0.34,0.0,0.844,0.156,This is how fast the Carr Fire is spreading in Northern California https://t.co/eEQ18UewUe https://t.co/mubJmMF6JF,Fri Aug 03 12:47:21 +0000 2018
226,@CNN,-0.4404,0.0,0.892,0.108,"RT @CNNMoney: BREAKING: The US economy added 157,000 jobs in July, and the unemployment rate fell to 3.9%. The US has added jobs every mont‚Ä¶",Fri Aug 03 12:38:23 +0000 2018
227,@CNN,-0.7506,0.0,0.726,0.274,"Officials in Virginia fear a dam will collapse in the heavy rain, and are evacuating more than 100 residences‚Ä¶ https://t.co/eHHYuJELsR",Fri Aug 03 12:36:17 +0000 2018
228,@CNN,-0.7717,0.0,0.7,0.3,"She confronted her harasser, and he punched her in the face. Now she's fighting back.

This week, France passed a n‚Ä¶ https://t.co/rZTEDz486P",Fri Aug 03 12:22:21 +0000 2018
229,@CNN,0.0,0.0,1.0,0.0,A short story written by Ernest Hemingway in 1956 is being published for the first time https://t.co/3c9CUcCkd8 https://t.co/d3bfgjruRI,Fri Aug 03 12:15:09 +0000 2018
230,@CNN,0.3818,0.254,0.556,0.19,An Australian climber trapped for a week on a freezing New Zealand mountain was rescued after a remarkable feat of‚Ä¶ https://t.co/A6wgVMdqqM,Fri Aug 03 12:10:13 +0000 2018
231,@CNN,-0.3818,0.0,0.867,0.133,"President Trump said he ""would personally prefer"" that if a government shutdown fight over his immigration and bord‚Ä¶ https://t.co/x3Ob1wlBNh",Fri Aug 03 11:56:03 +0000 2018
232,@CNN,0.4754,0.171,0.829,0.0,The most popular American cars will cost thousands of dollars more because of tariffs https://t.co/JxAlqcZFHY https://t.co/WgZPCAfFa5,Fri Aug 03 11:53:41 +0000 2018
233,@CNN,-0.6486,0.0,0.798,0.202,Thousands of dead marine animals are piling up on Florida's southwest beaches. They're clogging inlets and canals.‚Ä¶ https://t.co/GSndNat1rU,Fri Aug 03 11:38:29 +0000 2018
234,@CNN,0.5719,0.291,0.709,0.0,WWE wrestler Kane wins mayoral race in Tennessee https://t.co/tan04AXrGp https://t.co/sZkkuqVZR3,Fri Aug 03 11:28:50 +0000 2018
235,@CNN,0.0,0.0,1.0,0.0,Heineken just made a big bet on China's beer market https://t.co/EAXKRVB2SP https://t.co/Zd9JPe1MfL,Fri Aug 03 11:11:51 +0000 2018
236,@CNN,-0.5423,0.0,0.769,0.231,A Detroit police officer has been suspended with pay after a bystander's video showed him punching a possibly menta‚Ä¶ https://t.co/Zhf77aa3Qm,Fri Aug 03 11:00:09 +0000 2018
237,@CNN,-0.7845,0.0,0.635,0.365,"5 things for Friday:

- Russia election meddling
- Death penalty
- Emissions standards
- Zimbabwe election
- Florid‚Ä¶ https://t.co/XbYrukc2d0",Fri Aug 03 10:58:24 +0000 2018
238,@CNN,0.4404,0.139,0.861,0.0,"Horticultural therapy uses plants and gardening to improve health, and studies have shown that it results in shorte‚Ä¶ https://t.co/CnSacIl3YD",Fri Aug 03 10:56:35 +0000 2018
239,@CNN,-0.6808,0.0,0.787,0.213,"""I‚Äôd rather starve."" After being raped in front of her daughter, she doesn‚Äôt collect firewood anymore #AsEquals https://t.co/M7V57ZPvLW",Fri Aug 03 10:49:36 +0000 2018
240,@CNN,0.0,0.0,1.0,0.0,"These middle-aged Japanese men can be rented, for almost any purpose, for just 1,000 yen per hour (about US $9).‚Ä¶ https://t.co/MAdOkM3l2Q",Fri Aug 03 10:40:29 +0000 2018
241,@CNN,-0.6249,0.142,0.533,0.324,Alcohol-based hand sanitizers are losing their kill power against a bacterium causes various complicated infections‚Ä¶ https://t.co/zPQrEhigOd,Fri Aug 03 10:33:52 +0000 2018
242,@CNN,-0.4404,0.0,0.791,0.209,Spies in the suburbs: Inside the CIA's secret defector unit https://t.co/vPrl07cLGx https://t.co/q7f29VXf83,Fri Aug 03 10:22:59 +0000 2018
243,@CNN,0.4754,0.171,0.829,0.0,The most popular American cars will cost thousands of dollars more because of tariffs https://t.co/DCDyh75Slu https://t.co/UkmYrwf3LA,Fri Aug 03 10:12:08 +0000 2018
244,@CNN,0.34,0.13,0.87,0.0,"Opinion: TSA security screening is theater, and we don't need it at regional airports | @jonathancristol for‚Ä¶ https://t.co/bOYlKwED3b",Fri Aug 03 10:03:25 +0000 2018
245,@CNN,0.4019,0.124,0.876,0.0,"Trump continuously tries to drive a wedge between ""good"" news outlets -- those he approves of -- and allegedly ""fak‚Ä¶ https://t.co/QDCgwKcQS1",Fri Aug 03 09:56:52 +0000 2018
246,@CNN,0.296,0.164,0.727,0.109,"""Crazy Rich Asians"" is the first major studio film centered on an Asian-American character's story since 1993‚Ä¶ https://t.co/GDhXwik9R7",Fri Aug 03 09:50:36 +0000 2018
247,@CNN,0.128,0.189,0.647,0.164,Zimbabwe's opposition has rejected President Emmerson Mnangagwa's historic presidential election win after a poll m‚Ä¶ https://t.co/0BrYf0XuJH,Fri Aug 03 09:44:23 +0000 2018
248,@CNN,-0.3612,0.0,0.872,0.128,A Japanese medical school allegedly rigged exams to keep women out. One source claimed the alleged practice stemmed‚Ä¶ https://t.co/vsQnO0fOY3,Fri Aug 03 09:38:14 +0000 2018
249,@CNN,-0.2732,0.0,0.89,0.11,Your stomach will drop as you watch this massive cargo plane loop upside-down in the sky https://t.co/uw8xaRXwg9 https://t.co/peOwvQnNmI,Fri Aug 03 09:34:00 +0000 2018
250,@CNN,-0.7713,0.0,0.691,0.309,"A Detroit police officer has been suspended after ""very disturbing"" video showed him repeatedly punching a naked wo‚Ä¶ https://t.co/U2MAlOT3q7",Fri Aug 03 09:28:01 +0000 2018
251,@CNN,0.5719,0.291,0.709,0.0,WWE wrestler Kane wins mayoral race in Tennessee https://t.co/GCFkNrSmDm https://t.co/Mkfjs7zNZ2,Fri Aug 03 09:17:02 +0000 2018
252,@CNN,-0.5267,0.0,0.855,0.145,"In the wake of a Paris woman being punched by a street harasser, France has passed a new law banning sexual or sexi‚Ä¶ https://t.co/lTkY94WuBS",Fri Aug 03 09:11:17 +0000 2018
253,@CNN,-0.7506,0.0,0.726,0.274,"Officials in Virginia fear a dam will collapse in the heavy rain, and are evacuating more than 100 residences‚Ä¶ https://t.co/9Rtce7UYib",Fri Aug 03 09:00:25 +0000 2018
254,@CNN,-0.0772,0.0,0.939,0.061,"Smith College is apologizing after an employee called police to report a student of color who appeared to be ""out o‚Ä¶ https://t.co/OO0vEFZBcW",Fri Aug 03 08:48:47 +0000 2018
255,@CNN,0.3182,0.108,0.892,0.0,The Trump administration wants the ACLU to be responsible for tracking down more than 500 parents who were separate‚Ä¶ https://t.co/BA7SV5Fbge,Fri Aug 03 08:38:30 +0000 2018
256,@CNN,0.0,0.0,1.0,0.0,The tallest building in Europe is nearly complete https://t.co/an0thyaf9z,Fri Aug 03 08:28:02 +0000 2018
257,@CNN,-0.5423,0.0,0.857,0.143,"When Marie Laguerre stood up to a man who she says was sexually harassing her, he responded by punching her in the‚Ä¶ https://t.co/vaxz2D2W6V",Fri Aug 03 08:21:06 +0000 2018
258,@CNN,0.0,0.0,1.0,0.0,"Who was buried at Stonehenge? For the first time, new research is lifting the veil https://t.co/NUJgPbAW9G https://t.co/41RSIyhah9",Fri Aug 03 08:14:05 +0000 2018
259,@CNN,0.2498,0.095,0.905,0.0,"President Trump said he doesn't have much time these days for reading, but that hasn't stopped him from recommendin‚Ä¶ https://t.co/wSeoPEVEsv",Fri Aug 03 08:07:07 +0000 2018
260,@CNN,0.3818,0.254,0.556,0.19,An Australian climber trapped for a week on a freezing New Zealand mountain was rescued after a remarkable feat of‚Ä¶ https://t.co/YdSTAdYgwB,Fri Aug 03 08:04:06 +0000 2018
261,@CNN,0.3182,0.15,0.778,0.072,NASA backs designs for 3D-printed homes on Mars ‚Äî and they look like beehives https://t.co/fMdnFdlg0y https://t.co/A0CdGywOgV,Fri Aug 03 07:53:04 +0000 2018
262,@CNN,0.0,0.0,1.0,0.0,Federal health officials have reported an additional 109 cases of cyclospora infection in an ongoing outbreak linke‚Ä¶ https://t.co/k1Ms0fhidz,Fri Aug 03 07:46:05 +0000 2018
263,@CNN,-0.3818,0.0,0.867,0.133,"President Trump said he ""would personally prefer"" that if a government shutdown fight over his immigration and bord‚Ä¶ https://t.co/MEg3FovTlQ",Fri Aug 03 07:39:05 +0000 2018
264,@CNN,-0.5267,0.071,0.705,0.224,Why Trump's 'enemy of the people' messaging matters | Analysis by @CillizzaCNN https://t.co/8Nlrcf3CiD https://t.co/TEkyAzOezy,Fri Aug 03 07:32:04 +0000 2018
265,@CNN,0.0,0.0,1.0,0.0,"Research is mounting that the heat, drought and wildfires we are experiencing now are just the beginning of what cl‚Ä¶ https://t.co/vD1q3ArsbC",Fri Aug 03 07:25:03 +0000 2018
266,@CNN,-0.7717,0.0,0.739,0.261,A 20-year-old man with Down syndrome was carrying a toy gun when he was shot dead by Swedish police in Stockholm on‚Ä¶ https://t.co/92RXiVmZL5,Fri Aug 03 07:19:01 +0000 2018
267,@CNN,0.0,0.0,1.0,0.0,10 unusual cruise ship amenities https://t.co/UVgDCfPJIh via @CNNTravel https://t.co/8eQhcnuCb9,Fri Aug 03 07:18:07 +0000 2018
268,@CNN,0.0,0.0,1.0,0.0,A short story written by Ernest Hemingway in 1956 is being published for the first time https://t.co/yGQEgbUwLh https://t.co/vonhsWp6z7,Fri Aug 03 07:11:05 +0000 2018
269,@CNN,-0.3612,0.0,0.884,0.116,"Pizza Hut, which saw sales fall last quarter, doesn't seem to be benefiting from the turmoil at Papa John's‚Ä¶ https://t.co/TiNNwZu8OE",Fri Aug 03 07:04:03 +0000 2018
270,@CNN,0.0,0.0,1.0,0.0,Why the White House show of force on Russia won't work | Analysis by @CillizzaCNN https://t.co/sbuC5S4R1U https://t.co/4g8dxNu6Dv,Fri Aug 03 06:57:06 +0000 2018
271,@CNN,0.5719,0.171,0.829,0.0,"Maria Butina's infiltration of GOP circles was anything but subtle.

The alleged covert Russian agent liked to comm‚Ä¶ https://t.co/Kf3HjMz37S",Fri Aug 03 06:50:03 +0000 2018
272,@CNN,0.4404,0.182,0.818,0.0,"Ivanka Trump's ""good cop"" routine is a sham | By Alice Driver via @CNNOpinion https://t.co/2KPbrjCwnp https://t.co/pdajTclcGP",Fri Aug 03 06:43:03 +0000 2018
273,@CNN,-0.3716,0.092,0.703,0.204,"Hand sanitizers are losing kill power against a bacterium that resides in our guts, but can cause various complicat‚Ä¶ https://t.co/xbdpiuFNQ1",Fri Aug 03 06:36:06 +0000 2018
274,@CNN,0.5719,0.163,0.837,0.0,"In the deeply conservative Republican state of Idaho, Paulette Jordan is running for governor. If she wins, she'd b‚Ä¶ https://t.co/3sCfgx4OBE",Fri Aug 03 06:31:00 +0000 2018
275,@CNN,0.0,0.0,1.0,0.0,"Former California Republican Gov. Arnold Schwarzenegger calls the Trump administration's emissions proposal a ""stup‚Ä¶ https://t.co/Da2mxCKTEE",Fri Aug 03 06:29:03 +0000 2018
276,@CNN,0.0,0.0,1.0,0.0,UPS doesn't air condition its trucks. This petition aims to change that https://t.co/EHiAnmcwfc https://t.co/4YKGv2VUSU,Fri Aug 03 06:22:02 +0000 2018
277,@CNN,0.128,0.16,0.71,0.13,Reality Check: Can Attorney General Jeff Sessions stop special counsel Robert Mueller's investigation?‚Ä¶ https://t.co/d3kNe3qruH,Fri Aug 03 06:16:00 +0000 2018
278,@CNN,-0.4019,0.0,0.856,0.144,"How a plane can crash and everyone survives | By Les Abend, a retired Boeing 777 captain, via @CNNOpinion‚Ä¶ https://t.co/lF6XVhclnQ",Fri Aug 03 06:15:07 +0000 2018
279,@CNN,0.431,0.137,0.863,0.0,Ivanka Trump says the media is not the enemy of the people. The White House declines to agree.‚Ä¶ https://t.co/BDe2wtAcKF,Fri Aug 03 06:08:02 +0000 2018
280,@CNN,-0.7845,0.0,0.615,0.385,What does Pope Francis' death penalty shift mean for Catholic politicians? https://t.co/XFnOHuFF6l https://t.co/j4BWPr1cSV,Fri Aug 03 06:01:06 +0000 2018
281,@CNN,0.25,0.187,0.703,0.109,Chinese security forces broke into the home of an academic while he was giving a live phone interview with a US bro‚Ä¶ https://t.co/5xknlktmBa,Fri Aug 03 05:59:06 +0000 2018
282,@CNN,-0.6908,0.0,0.749,0.251,The apparent lack of coordination between Facebook and Twitter regarding the threat posed by Russia will come under‚Ä¶ https://t.co/icL0JTFpJH,Fri Aug 03 05:54:02 +0000 2018
283,@CNN,0.0,0.0,1.0,0.0,The leader of one of the largest Roman Catholic dioceses in Pennsylvania has released a list identifying 71 priests‚Ä¶ https://t.co/1hUbn92ciB,Fri Aug 03 05:47:07 +0000 2018
284,@CNN,0.4588,0.211,0.789,0.0,"Monterey Bay Aquarium needs a name for its new penguin chick, and they want your help https://t.co/F5Ug3G5Nhj https://t.co/7iexFsaadh",Fri Aug 03 05:46:00 +0000 2018
285,@CNN,-0.4404,0.0,0.838,0.162,"The Education Minister of Japan has condemned gender discrimination, following reports that Tokyo Medical Universit‚Ä¶ https://t.co/QCXm12wwnX",Fri Aug 03 05:45:04 +0000 2018
286,@CNN,0.7096,0.396,0.604,0.0,What you wear on a flight can help save your life https://t.co/G7rqSoR07D,Fri Aug 03 05:40:04 +0000 2018
287,@CNN,-0.7845,0.0,0.723,0.277,"Pope Francis changes Catholic teaching on the death penalty, saying it is never admissible. The Church will now ""wo‚Ä¶ https://t.co/5xc6kH0QQb",Fri Aug 03 05:33:02 +0000 2018
288,@CNN,0.128,0.129,0.766,0.105,"Yes, there are people who wash and reuse condoms. And the CDC wants them to stop. https://t.co/lpckiwra3K https://t.co/VQUI2wDeRD",Fri Aug 03 05:26:05 +0000 2018
289,@CNN,0.0258,0.084,0.916,0.0,NASA is backing these designs for 3D printed homes on Mars https://t.co/OMaZsyJd7f https://t.co/loXqCigFjt,Fri Aug 03 05:19:05 +0000 2018
290,@CNN,0.7351,0.292,0.708,0.0,Director of National Intelligence Dan Coats: ‚ÄúThe intelligence community continues to be concerned about the threat‚Ä¶ https://t.co/p3QL3y5X8Q,Fri Aug 03 05:16:00 +0000 2018
291,@CNN,0.0,0.0,1.0,0.0,"""Plastic attacks,"" where customers unwrap their food in a supermarket and return single-use packaging to the store,‚Ä¶ https://t.co/FZnd2EkMQa",Fri Aug 03 05:12:06 +0000 2018
292,@CNN,-0.431,0.0,0.778,0.222,"Housing and rates are worrying some economists that a recession is looming. ""We're not there yet, but this is what‚Ä¶ https://t.co/xldx38eVMU",Fri Aug 03 05:05:03 +0000 2018
293,@CNN,0.4019,0.13,0.87,0.0,"President Trump should not sit down for an interview with special counsel Robert Mueller, his former campaign manag‚Ä¶ https://t.co/PqCbtk9nbb",Fri Aug 03 05:00:07 +0000 2018
294,@CNN,-0.6124,0.0,0.706,0.294,Here's how much money you could be losing by avoiding the stock market https://t.co/BqhWFuZINa,Fri Aug 03 04:58:03 +0000 2018
295,@CNN,-0.2732,0.0,0.909,0.091,"Ivanka Trump says the news of family separations at the border ""was a low point"" during her time in the White House‚Ä¶ https://t.co/jtmGyAgRrC",Fri Aug 03 04:51:06 +0000 2018
296,@CNN,0.34,0.098,0.902,0.0,Apple becomes the first American public company to cross $1 trillion in value. Its stock is now up more than 20% th‚Ä¶ https://t.co/hTh57V7NsW,Fri Aug 03 04:46:00 +0000 2018
297,@CNN,0.0,0.0,1.0,0.0,Tesla's China factory could cost billions less than everyone thought https://t.co/wviXo8FUGx https://t.co/GuH2Dv0cMM,Fri Aug 03 04:44:02 +0000 2018
298,@CNN,0.0,0.0,1.0,0.0,"A new study finds people who drink heavily are more likely to get dementia, but people who don't drink at all are a‚Ä¶ https://t.co/meavmjnEju",Fri Aug 03 04:37:03 +0000 2018
299,@CNN,0.6597,0.252,0.748,0.0,Suddenly the White House cares about election security. Can we believe it? | By Juliette Kayyem via @CNNOpinion‚Ä¶ https://t.co/Yj9irZNgqk,Fri Aug 03 04:33:04 +0000 2018
300,@FoxNews,-0.6124,0.0,0.8,0.2,".@ChrisStirewalt: ""I will be shocked if the Republicans can manage to lose this and if they do, then light every al‚Ä¶ https://t.co/1WmmQ0FYMI",Fri Aug 03 16:26:48 +0000 2018
301,@FoxNews,0.4019,0.403,0.597,0.0,Poll: Ohio Special Election. https://t.co/qjwXWsKIvp,Fri Aug 03 16:21:18 +0000 2018
302,@FoxNews,-0.8885,0.0,0.553,0.447,Breaking News: Man suspected of murdering George HW Bush's doctor is found dead in Houston https://t.co/OMqY1r0f8k,Fri Aug 03 16:13:27 +0000 2018
303,@FoxNews,0.5574,0.265,0.735,0.0,".@NASA names nine 'American hero' astronauts for SpaceX, Boeing missions https://t.co/xlLsi1OWen",Fri Aug 03 16:11:01 +0000 2018
304,@FoxNews,-0.5267,0.0,0.764,0.236,Delta passengers restrain unruly man threatening to 'take the plane down' https://t.co/F0axhKYtHY,Fri Aug 03 16:01:58 +0000 2018
305,@FoxNews,0.0772,0.152,0.711,0.137,".@Scaramucci: ""Because of his policies, because of his strengthening at the border, the minority unemployment situa‚Ä¶ https://t.co/YT1tTHCzKS",Fri Aug 03 15:49:23 +0000 2018
306,@FoxNews,0.0,0.0,1.0,0.0,"Speaking to reporters, TV icon @KelseyGrammer reflected on the biggest lessons he‚Äôs learned in his life.‚Ä¶ https://t.co/SWHXAzuWag",Fri Aug 03 15:49:00 +0000 2018
307,@FoxNews,-0.0516,0.0,0.946,0.054,"Surfers leave the water next to Scripps Pier Thursday, Aug. 2, 2018, in San Diego. The @Scripps_Ocean says it has r‚Ä¶ https://t.co/tIqA8F8iv5",Fri Aug 03 15:40:06 +0000 2018
308,@FoxNews,-0.296,0.0,0.833,0.167,Report: Crews scour pig farm for missing student #MollieTibbetts; @MattFinnFNC reports. https://t.co/lp7MeyoBd5,Fri Aug 03 15:33:53 +0000 2018
309,@FoxNews,-0.2263,0.0,0.853,0.147,Protests along Israel-Gaza border amid reports of possible truce with Hamas. https://t.co/vkdwSP1cLZ,Fri Aug 03 15:26:56 +0000 2018
310,@FoxNews,-0.6908,0.0,0.725,0.275,Former NBA star Charles Oakley allegedly cheated at Texas hold'em game leading to his arrest: report https://t.co/bb7BOjc3wJ,Fri Aug 03 15:23:06 +0000 2018
311,@FoxNews,0.4939,0.186,0.814,0.0,"On ""Hannity,"" @EricTrump praised his father President @realDonaldTrump's economic achievements as the nation's lead‚Ä¶ https://t.co/YqHsO6MXLi",Fri Aug 03 15:06:22 +0000 2018
312,@FoxNews,0.0,0.0,1.0,0.0,"US employers add 157,000 jobs. https://t.co/LsHVHLVpLY https://t.co/9JUeNiCzuQ",Fri Aug 03 15:03:22 +0000 2018
313,@FoxNews,0.0,0.0,1.0,0.0,"US employers add 157,000 jobs, jobless rate hits 3.9 pct. https://t.co/LsHVHLVpLY https://t.co/vv4v6rC9vX",Fri Aug 03 15:01:29 +0000 2018
314,@FoxNews,0.0,0.0,1.0,0.0,"NASA set to announce astronauts for SpaceX, Boeing missions https://t.co/xlLsi1OWen",Fri Aug 03 15:01:24 +0000 2018
315,@FoxNews,-0.34,0.0,0.844,0.156,Tim Allen speaks out about Roseanne Barr firing: 'That's not the woman I know' https://t.co/phWpRnes37,Fri Aug 03 14:58:39 +0000 2018
316,@FoxNews,-0.6486,0.087,0.578,0.335,Woman convicted of ax attack after jurors reject her transgender medication defense https://t.co/ds5r0UpvHb,Fri Aug 03 14:56:21 +0000 2018
317,@FoxNews,-0.6908,0.0,0.761,0.239,Usama bin Laden's brother pleads with terrorist mastermind's son not to follow in his footsteps https://t.co/HGTT1vdpb2,Fri Aug 03 14:53:51 +0000 2018
318,@FoxNews,-0.7579,0.0,0.571,0.429,"Chicago Protesters March Over Violence, Demand Ouster of Rahm Emanuel; @GiannoCaldwell reports.‚Ä¶ https://t.co/Ii5WFJQVHt",Fri Aug 03 14:49:23 +0000 2018
319,@FoxNews,0.2732,0.231,0.769,0.0,"Stonehenge mystery solved, says breakthrough scientific study https://t.co/PvcQiWw8h6",Fri Aug 03 14:47:29 +0000 2018
320,@FoxNews,0.0,0.0,1.0,0.0,#MollieTibbetts tipline: 800-452-1111. https://t.co/oyH7lilfME,Fri Aug 03 14:42:09 +0000 2018
321,@FoxNews,-0.296,0.0,0.885,0.115,"COMING UP: Awaiting news conference on missing @uiowa student #MollieTibbetts - for full live coverage, tune in to‚Ä¶ https://t.co/39k09U00RC",Fri Aug 03 14:38:11 +0000 2018
322,@FoxNews,0.0,0.0,1.0,0.0,".@mercedesschlapp: ""The wall is shown to work."" https://t.co/SACVc49EKc",Fri Aug 03 14:34:00 +0000 2018
323,@FoxNews,0.0,0.0,1.0,0.0,"US employers add 157,000 jobs, jobless rate hits 3.9 pct. https://t.co/a6ekllbIXq",Fri Aug 03 14:33:47 +0000 2018
324,@FoxNews,-0.4404,0.0,0.508,0.492,Unemployment under @POTUS. https://t.co/epoa5Vm48V,Fri Aug 03 14:29:00 +0000 2018
325,@FoxNews,0.7213,0.251,0.749,0.0,"ACT OF KINDNESS: Amid sweltering summer heat, a Nevada bus driver offered an elderly man a cool water bottle from h‚Ä¶ https://t.co/B5dpPHXwRL",Fri Aug 03 14:25:29 +0000 2018
326,@FoxNews,-0.5423,0.0,0.851,0.149,"Brandon Judd: ""Even hardcore liberals in Chicago are saying, 'Crime is way too much, we've got to suppress the crim‚Ä¶ https://t.co/cI7Iy3CtGF",Fri Aug 03 14:21:28 +0000 2018
327,@FoxNews,0.0,0.0,1.0,0.0,"RT @FoxBusiness: .@larry_kudlow on big tech companies: ""I'm not into breaking up business right now. I'd have to see massive evidence of so‚Ä¶",Fri Aug 03 14:12:27 +0000 2018
328,@FoxNews,0.3818,0.115,0.885,0.0,"RT @FoxBusiness: .@larry_kudlow: ""The backbone of the American economy, and the reason we are resuming our growth... is innovation and appl‚Ä¶",Fri Aug 03 14:12:25 +0000 2018
329,@FoxNews,0.0,0.0,1.0,0.0,"RT @FoxBusiness: .@larry_kudlow: ""We are coming together with the European Union to make a deal with them... and I think most of our trade‚Ä¶",Fri Aug 03 14:12:22 +0000 2018
330,@FoxNews,0.0,0.0,1.0,0.0,".@mercedesschlapp: ""This is a president who is a non-stop working machine."" https://t.co/tZB2q7xzwH",Fri Aug 03 14:11:51 +0000 2018
331,@FoxNews,0.0,0.0,1.0,0.0,".@mercedesschlapp: ""[@TheDemocrats'] message has become that of abolishing ICE and that of open borders."" https://t.co/gWDVA0I8P4",Fri Aug 03 14:07:27 +0000 2018
332,@FoxNews,-0.0516,0.099,0.792,0.109,".@mercedesschlapp: ""There is no question that because of @POTUS's leadership, his vision in terms of pushing forwar‚Ä¶ https://t.co/rjdZDun4lt",Fri Aug 03 14:05:38 +0000 2018
333,@FoxNews,0.4576,0.13,0.87,0.0,".@Garry4Chicago: ""The mayor is out of touch with the people of Chicago. He's more interested in raising taxes to ge‚Ä¶ https://t.co/7dMZGJ8jnr",Fri Aug 03 14:04:03 +0000 2018
334,@FoxNews,0.743,0.296,0.704,0.0,"RT @FoxBusiness: .@larry_kudlow on economic growth: ""We would be happy with three (percent) or three-plus (percent)."" https://t.co/EplZOl6K‚Ä¶",Fri Aug 03 14:02:43 +0000 2018
335,@FoxNews,0.3674,0.208,0.694,0.098,"RT @FoxBusiness: .@larry_kudlow: ""The Chinese had better not underestimate the determination of President Trump to follow through and seek‚Ä¶",Fri Aug 03 14:02:41 +0000 2018
336,@FoxNews,0.0,0.0,1.0,0.0,"RT @FoxBusiness: .@larry_kudlow on U.S.-China trade: ""I am privy to what President Trump has been thinking and he is going to stand tough.""‚Ä¶",Fri Aug 03 14:02:38 +0000 2018
337,@FoxNews,0.0,0.0,1.0,0.0,"RT @FoxBusiness: .@larry_kudlow on China trade spat: ""The president's not about to back down."" https://t.co/umwQG3cjIr",Fri Aug 03 14:02:35 +0000 2018
338,@FoxNews,0.0,0.0,1.0,0.0,"RT @FoxBusiness: .@larry_kudlow on #JobsReport: ""You have rock-bottom inventories and you have a capital goods boom... that's a really stro‚Ä¶",Fri Aug 03 14:02:33 +0000 2018
339,@FoxNews,0.802,0.353,0.647,0.0,"RT @FoxBusiness: .@larry_kudlow: ""We're gonna create 2.6, 2.8 million new jobs in 2018. That's a pretty good number."" https://t.co/uSXkrza8‚Ä¶",Fri Aug 03 14:02:27 +0000 2018
340,@FoxNews,0.0,0.0,1.0,0.0,"Socialist candidate Ocasio-Cortez once saw herself as Smithian capitalist, viewed feminism as 'relic' https://t.co/qGBgDtfWJX",Fri Aug 03 13:54:31 +0000 2018
341,@FoxNews,0.1531,0.14,0.86,0.0,".@cvpayne: ‚ÄúThe number was slightly less than expected, but the components of the number are very encouraging.‚Äù‚Ä¶ https://t.co/pCRHmi8oSo",Fri Aug 03 13:45:00 +0000 2018
342,@FoxNews,0.0,0.0,1.0,0.0,RT @FoxBusiness: #StockAlert: Stocks at the open https://t.co/OEQQEmGZLV,Fri Aug 03 13:44:00 +0000 2018
343,@FoxNews,0.7579,0.277,0.723,0.0,"RT @FoxBusiness: .@larry_kudlow on #JobsReport: ""I actually thought it was a pretty strong report because... the back revisions were gigant‚Ä¶",Fri Aug 03 13:43:54 +0000 2018
344,@FoxNews,0.0,0.0,1.0,0.0,"Kanye West on track toward billionaire status, report says https://t.co/Z0Iyuoj0Ms",Fri Aug 03 13:35:00 +0000 2018
345,@FoxNews,0.0,0.0,1.0,0.0,"Brandon Judd: ""He's being the leader that everybody expected him to be."" https://t.co/TAVHq4o8Ud",Fri Aug 03 13:28:15 +0000 2018
346,@FoxNews,0.186,0.139,0.757,0.104,"NEWS ALERT: Awaiting news conference on missing @uiowa student #MollieTibbetts - for full live coverage, tune in to‚Ä¶ https://t.co/1cFk8QxooX",Fri Aug 03 13:27:58 +0000 2018
347,@FoxNews,0.0,0.0,1.0,0.0,RT @FoxBusiness: Stock futures flat following July jobs report  https://t.co/HbYxwpx8zK,Fri Aug 03 13:26:52 +0000 2018
348,@FoxNews,0.0,0.0,1.0,0.0,"Anti-Trump vandalism sweeps country: Yacht, Hollywood star latest targets https://t.co/c2r8oB9xmK",Fri Aug 03 13:19:01 +0000 2018
349,@FoxNews,0.4019,0.162,0.838,0.0,Police hunt for arsonist who torched New Jersey playground for kids with special needs https://t.co/frVXdbrDSr,Fri Aug 03 13:15:00 +0000 2018
350,@FoxNews,-0.5859,0.0,0.725,0.275,$4.5 million classic car fraud scheme shut down by FBI https://t.co/LoQo2IAYZX,Fri Aug 03 13:10:16 +0000 2018
351,@FoxNews,-0.4404,0.0,0.879,0.121,"RT @FoxBusiness: BREAKING NEWS: The U.S. economy added 157,000 jobs in July, below analyst expectations. The unemployment rate came in at 3‚Ä¶",Fri Aug 03 12:57:16 +0000 2018
352,@FoxNews,0.0,0.0,1.0,0.0,RT @FoxBusiness: #JobsReport: Average hourly earnings +0.3% https://t.co/db5Ds8cHy6,Fri Aug 03 12:57:05 +0000 2018
353,@FoxNews,0.0,0.0,1.0,0.0,RT @FoxBusiness: #JobsReport: Where the jobs are https://t.co/NDOuLhHndf,Fri Aug 03 12:56:48 +0000 2018
354,@FoxNews,-0.5423,0.0,0.863,0.137,"Stuart Varney: ‚ÄúI wouldn‚Äôt say that 157,000 new jobs is bad news‚Ä¶We wanted to keep up a pace of about 200,000 new j‚Ä¶ https://t.co/z2NrdhDvLp",Fri Aug 03 12:42:26 +0000 2018
355,@FoxNews,0.0,0.0,1.0,0.0,JUST IN: July jobs report released https://t.co/WUsUHR2L9Q,Fri Aug 03 12:36:26 +0000 2018
356,@FoxNews,-0.4404,0.0,0.818,0.182,"RT @FoxBusiness: BREAKING NEWS: 157,000 jobs added in July's #JobsReport, unemployment at 3.9% https://t.co/YhUOHKlwnq",Fri Aug 03 12:33:10 +0000 2018
357,@FoxNews,-0.0772,0.076,0.828,0.097,"Overflowing Virginia dam could flood rain-soaked city in matter of minutes, officials warn https://t.co/824YIze6K9",Fri Aug 03 12:15:00 +0000 2018
358,@FoxNews,0.7906,0.333,0.667,0.0,"Gail Gitcho: ‚ÄúThis is good news for Republicans, it‚Äôs great news for President Trump.‚Äù @foxandfriends https://t.co/BwOh1WlP6n",Fri Aug 03 12:06:23 +0000 2018
359,@FoxNews,0.0,0.0,1.0,0.0,RT @FoxBusiness: Jobs report ‚Äì this is what economists will be watching  https://t.co/ZdWvq63bf4,Fri Aug 03 12:03:52 +0000 2018
360,@FoxNews,0.2732,0.231,0.769,0.0,"Stonehenge mystery solved, says breakthrough scientific study https://t.co/61yBIdGpXp",Fri Aug 03 11:50:00 +0000 2018
361,@FoxNews,-0.6249,0.0,0.785,0.215,"Seattle homeless crisis leaves Jewish cemetery dealing with parked RVs, leftover needles, trash (via @travfed) https://t.co/ZAmaELLDQz",Fri Aug 03 11:40:00 +0000 2018
362,@FoxNews,0.5719,0.252,0.748,0.0,Former WWE star Glenn 'Kane' Jacobs wins mayoral race in Tennessee https://t.co/Yy4QoB5jeQ,Fri Aug 03 11:35:00 +0000 2018
363,@FoxNews,0.0,0.0,1.0,0.0,"An eared seal cools off with an ice cube containing frozen fish at the Zoo of Vincennes in Paris, France. https://t.co/ZkYNO8LIKD",Fri Aug 03 11:32:37 +0000 2018
364,@FoxNews,0.0,0.0,1.0,0.0,"$30,000 Ferrari book costs more than most cars https://t.co/BthervKwKJ",Fri Aug 03 11:30:00 +0000 2018
365,@FoxNews,0.0,0.0,1.0,0.0,New York attorney general candidate wants to 'prosecute' ICE https://t.co/vLunqPygFN,Fri Aug 03 11:20:00 +0000 2018
366,@FoxNews,0.0,0.0,1.0,0.0,.@GiannoCaldwell: ‚ÄúPeople in Chicago are fed up with Rahm Emanuel's inaction.‚Äù https://t.co/Vf6WjHm1Id‚Ä¶ https://t.co/qO4X3OyyAZ,Fri Aug 03 11:15:00 +0000 2018
367,@FoxNews,0.5106,0.248,0.752,0.0,New Jersey police rescue deer 'doing laps' in swimming pool https://t.co/ocuYuVpswS,Fri Aug 03 11:10:00 +0000 2018
368,@FoxNews,-0.5667,0.0,0.763,0.237,"""It does not seem like a wise move.""

@Uncle_Jimbo on TSA considering ending screening at small airports‚Ä¶ https://t.co/a5HEr0cLte",Fri Aug 03 11:05:00 +0000 2018
369,@FoxNews,0.0,0.0,1.0,0.0,Colin Kaepernick reference in song removed from Madden 19 https://t.co/orUgy2oeKU,Fri Aug 03 10:55:00 +0000 2018
370,@FoxNews,0.6124,0.238,0.762,0.0,OPINION: Sens. Grassley and Brown: Big foreign investments in US need closer scrutiny to protect national security https://t.co/QuPe13dYnH,Fri Aug 03 10:45:00 +0000 2018
371,@FoxNews,0.6249,0.24,0.76,0.0,"Peter Morici: ‚ÄúThe president has a great story to tell, one of accomplishment.‚Äù https://t.co/5YUfkvn2gN‚Ä¶ https://t.co/2VQnxc0KyB",Fri Aug 03 10:40:00 +0000 2018
372,@FoxNews,0.34,0.124,0.876,0.0,"RT @foxnewsradio: After yesterday's White House briefing, @BretBaier sat down with @jessicafoxnews to discuss election security, the state‚Ä¶",Fri Aug 03 10:32:53 +0000 2018
373,@FoxNews,0.0,0.0,1.0,0.0,July jobs report out today @FoxFriendsFirst https://t.co/1PebQ0AdLU,Fri Aug 03 10:22:07 +0000 2018
374,@FoxNews,-0.049,0.109,0.773,0.118,Billionaire liberal Tom Steyer says Dems 'lack common sense' for not fighting to impeach President @realDonaldTrump. https://t.co/YaWC4JpFfX,Fri Aug 03 10:15:00 +0000 2018
375,@FoxNews,0.0,0.0,1.0,0.0,.@CarleyShimkus is live with the ‚ÄòFox News Update‚Äô on Facebook Watch: https://t.co/hNrB8xzepH https://t.co/b9Zq3aBh5B,Fri Aug 03 10:11:19 +0000 2018
376,@FoxNews,0.0,0.0,1.0,0.0,TODAY: @4kingandcountry performs LIVE as part of the @foxandfriends All-American Summer Concert Series. Tune in to‚Ä¶ https://t.co/rfXT72octE,Fri Aug 03 10:00:00 +0000 2018
377,@FoxNews,0.694,0.252,0.748,0.0,"""THANK YOU"": Three young girls, carrying American flags and a 'thank you' sign, rode horses over to show appreciati‚Ä¶ https://t.co/cbDiX65FAO",Fri Aug 03 09:45:00 +0000 2018
378,@FoxNews,-0.2732,0.0,0.851,0.149,"Former Starbucks employee suing company for 'discrimination' after telling boss about transition.
https://t.co/Ct1CvVaSjq",Fri Aug 03 09:30:00 +0000 2018
379,@FoxNews,-0.4215,0.0,0.703,0.297,"Paul Manafort struggled to pay bills in 2016, bookkeeper testifies. https://t.co/OOmf9aT8nq",Fri Aug 03 09:15:00 +0000 2018
380,@FoxNews,0.0,0.0,1.0,0.0,"Tim Allen's 'Last Man Standing' return will include character's conservative views, exec says. https://t.co/mirpkbvLRg",Fri Aug 03 09:00:00 +0000 2018
381,@FoxNews,-0.2023,0.0,0.816,0.184,'Force field' technology could make US tanks unstoppable. https://t.co/vSsNlQeQsJ,Fri Aug 03 08:45:00 +0000 2018
382,@FoxNews,0.3182,0.126,0.874,0.0,Trumka blasted by the teachers union boss for keeping the door open on a Trump 2020 endorsement. https://t.co/K1t1bySf54,Fri Aug 03 08:30:00 +0000 2018
383,@FoxNews,0.0516,0.091,0.909,0.0,".@POTUS unravels more of Obama's legacy, with proposed freeze on mileage rules. https://t.co/afiW8bwjfX",Fri Aug 03 08:15:00 +0000 2018
384,@FoxNews,-0.5106,0.0,0.769,0.231,Suckers beware: Your $10 reusable steel drinking straw may be counterfeit. https://t.co/CLgjyMlCpU,Fri Aug 03 08:00:01 +0000 2018
385,@FoxNews,0.0,0.0,1.0,0.0,Mollie Tibbetts search team scours land near Iowa pig farm. https://t.co/pAwfPT7auL,Fri Aug 03 07:45:01 +0000 2018
386,@FoxNews,-0.0943,0.076,0.832,0.092,SILLY GOOSE: A Michigan police officer led a goose back to a park on foot after the animal refused to ride in the o‚Ä¶ https://t.co/qH67dM0bpn,Fri Aug 03 07:30:00 +0000 2018
387,@FoxNews,-0.4767,0.0,0.807,0.193,"Minnesota man arrested after pushing boy, 8, off 31-foot water slide, police say. https://t.co/VN6yfpXnN9",Fri Aug 03 07:15:00 +0000 2018
388,@FoxNews,-0.7845,0.0,0.592,0.408,Pope Francis declares the death penalty is 'inadmissible' in a teaching reversal. https://t.co/9X7Y2OIjuA,Fri Aug 03 07:00:00 +0000 2018
389,@FoxNews,-0.6597,0.0,0.671,0.329,"Handcuffed woman, 19, fatally shot herself, police say, but mother expresses doubts. https://t.co/TRLjFch8Qr",Fri Aug 03 06:45:00 +0000 2018
390,@FoxNews,0.1779,0.184,0.67,0.145,"Senior citizens at South Carolina Costco get into physical fight over free samples.
https://t.co/0nrTCMn2Qg",Fri Aug 03 06:15:00 +0000 2018
391,@FoxNews,-0.743,0.0,0.588,0.412,"Pennsylvania baby sitters 'severely abused' children for 6 days, police say. https://t.co/p7l06D02cA",Fri Aug 03 06:00:00 +0000 2018
392,@FoxNews,0.0,0.0,1.0,0.0,"Who is TS Ellis? A look at the judge in the Manafort, Mueller case. https://t.co/SjAHgd0tvu",Fri Aug 03 05:45:00 +0000 2018
393,@FoxNews,-0.34,0.0,0.833,0.167,"Texas mom pulls gun on teen girl amid daughter's brawl, video shows. https://t.co/EkgrYQq25n",Fri Aug 03 05:30:00 +0000 2018
394,@FoxNews,-0.4588,0.0,0.824,0.176,"Missouri man in custody after beating girlfriend's children, making them eat shoes, cops say. https://t.co/TdnequIOss",Fri Aug 03 05:15:00 +0000 2018
395,@FoxNews,-0.3612,0.0,0.696,0.304,"Plastic containers pose health risks for children, pediatricians warn. https://t.co/rNbafO2H4v",Fri Aug 03 04:45:00 +0000 2018
396,@FoxNews,0.5106,0.19,0.683,0.127,Texas doctor warns 'super strain' of pink eye on the rise in part of the state. https://t.co/O2phWpRlWm,Fri Aug 03 04:30:00 +0000 2018
397,@FoxNews,-0.2263,0.0,0.863,0.137,"Strzok demanded declassification, other FBI powers before joining Mueller team, emails show. https://t.co/txaHUSXjAj",Fri Aug 03 04:15:00 +0000 2018
398,@FoxNews,0.25,0.133,0.867,0.0,Democratic New Mexico House candidate endorsed by Obama calls for abolition of ICE. https://t.co/G6PagjINFI,Fri Aug 03 04:01:00 +0000 2018
399,@FoxNews,0.0,0.0,1.0,0.0,"Remains received from North Korea 'consistent' with being US service members, Pentagon says. https://t.co/gvcp4Bu2Xh",Fri Aug 03 03:45:00 +0000 2018
400,@nytimes,0.0,0.0,1.0,0.0,Here's a recipe to file away for an upcoming seasonal bounty of zucchini https://t.co/kUZ9aSV4f3,Fri Aug 03 16:25:52 +0000 2018
401,@nytimes,-0.6808,0.0,0.763,0.237,"Desperate to keep a job that was her way out of poverty, she tried using hypertension pills, a knitting needle and‚Ä¶ https://t.co/hmWh30zJgk",Fri Aug 03 16:04:09 +0000 2018
402,@nytimes,0.5994,0.187,0.813,0.0,"""You started understanding the life of the people, how they lived, what they thought, who they loved"" https://t.co/8xcwoOAEvW",Fri Aug 03 16:01:14 +0000 2018
403,@nytimes,0.0,0.0,1.0,0.0,"Training high schoolers, hiring recently released inmates and installing start-up-like amenities are a few of the w‚Ä¶ https://t.co/u7byxYELRy",Fri Aug 03 15:45:09 +0000 2018
404,@nytimes,0.3182,0.113,0.887,0.0,"A huge grid of vehicle tracks tattoos the land just outside Arctic National Wildlife Refuge in Alaska, a remnant of‚Ä¶ https://t.co/HnyeirQiJA",Fri Aug 03 15:30:08 +0000 2018
405,@nytimes,0.7152,0.239,0.761,0.0,"RT @jmartNYT: NEW: Democrats have a chance to take back the Kansas governorship, especially if Kobach wins the nomination on Tuesday.   But‚Ä¶",Fri Aug 03 15:15:05 +0000 2018
406,@nytimes,0.0,0.0,1.0,0.0,RT @NYTSports: It was all going according to plan for the Yankees. Until the fourth inning. https://t.co/XadFbJPuvD,Fri Aug 03 15:00:24 +0000 2018
407,@nytimes,0.0,0.0,1.0,0.0,"""This is the new normal: Everyone starts taking out their phones and emailing their bosses that they're going to be‚Ä¶ https://t.co/GJ2g6MuSgG",Fri Aug 03 14:45:05 +0000 2018
408,@nytimes,0.0516,0.116,0.776,0.108,"President Trump devoted the majority of his time at a rowdy rally on Thursday targeting the news media, deriding th‚Ä¶ https://t.co/L9ZZL0wRHr",Fri Aug 03 14:30:17 +0000 2018
409,@nytimes,0.0,0.0,1.0,0.0,"RT @alanblinder: The marquee races are set in Tennessee. Marsha Blackburn and Phil Bredesen are the picks for Senate, and Karl Dean and Bil‚Ä¶",Fri Aug 03 14:15:06 +0000 2018
410,@nytimes,0.1779,0.183,0.7,0.117,China threatened to levy tariffs on $60 billion a year worth of imports from the United States if the Trump adminis‚Ä¶ https://t.co/rk5lgQOeVO,Fri Aug 03 14:00:05 +0000 2018
411,@nytimes,-0.2023,0.154,0.607,0.238,"Mike Pompeo urged Turkey to free Andrew Brunson, an American pastor imprisoned on espionage charges https://t.co/EoVnsP7cHq",Fri Aug 03 13:45:07 +0000 2018
412,@nytimes,0.0,0.0,1.0,0.0,"""To all those who say that witnesses have not reacted enough: Everything happened very quickly and they did not hav‚Ä¶ https://t.co/Jv9xBTtUII",Fri Aug 03 13:30:05 +0000 2018
413,@nytimes,0.09,0.122,0.776,0.101,"8 U.S. intelligence groups blame Russia for meddling, but President Trump keeps clouding the picture‚Ä¶ https://t.co/2h0ToEYYP3",Fri Aug 03 13:16:02 +0000 2018
414,@nytimes,0.0,0.0,1.0,0.0,Morning Briefing: Here's what you need to know to start your day https://t.co/6KQ7BMGgff https://t.co/B7am3fxU1y,Fri Aug 03 13:00:14 +0000 2018
415,@nytimes,-0.2023,0.12,0.684,0.197,"""He knew a homicide would be easier for us. He knew we would blame ourselves for missing the signs.""  https://t.co/k4NeQwHl8D",Fri Aug 03 12:49:02 +0000 2018
416,@nytimes,0.0,0.0,1.0,0.0,"Breaking News: The U.S. added 157,000 jobs in July, below analysts' expectations but extending a steady run of hiri‚Ä¶ https://t.co/fAZW0cLBAP",Fri Aug 03 12:43:12 +0000 2018
417,@nytimes,-0.9022,0.0,0.59,0.41,At least 25 people were killed when suicide bombers disguised in women's clothing stormed a Shiite mosque in easter‚Ä¶ https://t.co/z7qS0y9IBL,Fri Aug 03 12:31:05 +0000 2018
418,@nytimes,-0.4005,0.103,0.69,0.207,"""This is a threat we need to take extremely seriously and to tackle and respond to with fierce determination and fo‚Ä¶ https://t.co/0jta3wFYA1",Fri Aug 03 12:15:07 +0000 2018
419,@nytimes,0.6705,0.234,0.766,0.0,"""Russians are looking for every opportunity, regardless of party, regardless of whether or not it applies to the el‚Ä¶ https://t.co/IPJ9ZWR7st",Fri Aug 03 11:30:08 +0000 2018
420,@nytimes,0.0,0.0,1.0,0.0,How Paul Manafort's plans backfired https://t.co/6A22joCakR https://t.co/XOEVtFEme2,Fri Aug 03 11:15:06 +0000 2018
421,@nytimes,-0.7506,0.0,0.714,0.286,"The author secretly recorded hundreds of hours of conversations with her brother, a notorious Dutch crime boss, inc‚Ä¶ https://t.co/cBJmlsJyyu",Fri Aug 03 11:00:08 +0000 2018
422,@nytimes,-0.875,0.0,0.643,0.357,RT @nytimesworld: Pope Francis' declaration that the death penalty is always inadmissible ‚Äúbecause it is an attack on the inviolability and‚Ä¶,Fri Aug 03 10:44:01 +0000 2018
423,@nytimes,0.34,0.118,0.882,0.0,Apple's value hit $1 trillion. Here's how many companies you would have to combine to equal one Apple. https://t.co/GfQyUBFMSi,Fri Aug 03 10:32:03 +0000 2018
424,@nytimes,-0.1027,0.0,0.92,0.08,"CNN's Jim Acosta  challenged Sarah Huckabee Sanders to disavow President Trump's description of journalists as ""the‚Ä¶ https://t.co/lSXpHEnAnF",Fri Aug 03 10:15:05 +0000 2018
425,@nytimes,0.0,0.0,1.0,0.0,Morning¬†Briefing: Here's what you need to know to start your day https://t.co/A639HH4KWu https://t.co/sOvqTWNByi,Fri Aug 03 10:00:06 +0000 2018
426,@nytimes,-0.5574,0.0,0.825,0.175,"Warplanes of the Saudi-led coalition fired more than two dozen missiles into a rebel-held Yemeni port city, hitting‚Ä¶ https://t.co/XzJmJzmq7j",Fri Aug 03 09:45:03 +0000 2018
427,@nytimes,0.0,0.0,1.0,0.0,"RT @nytimesworld: Jacinda Ardern says her situation ‚Äî running New Zealand and raising a baby ‚Äî is ""not our normal yet,"" but adds, ""one day‚Ä¶",Fri Aug 03 09:31:02 +0000 2018
428,@nytimes,0.4019,0.153,0.847,0.0,Officials began announcing Zimbabwe election results on Thursday night. Opposition party leaders indicated that the‚Ä¶ https://t.co/YhHbREmhlc,Fri Aug 03 09:15:09 +0000 2018
429,@nytimes,-0.5994,0.0,0.843,0.157,"RT @nytimesworld: Years ago, Pakistan pushed thousands of militants across the Indian border as a proxy army to wreak havoc in the Indian-c‚Ä¶",Fri Aug 03 09:00:15 +0000 2018
430,@nytimes,-0.4767,0.0,0.843,0.157,"""I have three kids. I‚Äôve left them home alone since the age of 7 to drop off dry cleaning, grab a coffee or pick up‚Ä¶ https://t.co/1Fmpjxb23t",Fri Aug 03 08:45:05 +0000 2018
431,@nytimes,0.0516,0.122,0.766,0.113,"President Trump devoted the majority of his time at a rowdy rally targeting the news media, deriding the reporters‚Ä¶ https://t.co/eCIrbI1wHU",Fri Aug 03 08:31:08 +0000 2018
432,@nytimes,0.0,0.0,1.0,0.0,RT @nytimesworld: The case against a religious official is a high-stakes test of whether China‚Äôs burgeoning #MeToo movement can take on pow‚Ä¶,Fri Aug 03 08:14:03 +0000 2018
433,@nytimes,-0.3182,0.0,0.905,0.095,A mountain peak appears to have to lost its title as the highest peak in Sweden as it melts away in record heat https://t.co/lMSZzridCT,Fri Aug 03 08:02:03 +0000 2018
434,@nytimes,0.1779,0.078,0.922,0.0,RT @nytimesworld: A Muslim woman can have a British court dissolve her religious marriage and divide the couple‚Äôs assets even though the un‚Ä¶,Fri Aug 03 07:47:02 +0000 2018
435,@nytimes,0.0,0.0,1.0,0.0,If this hearty quinoa and white bean soup recipe proves anything it is: Soup doesn't have to be loaded with meat to‚Ä¶ https://t.co/fc6RXag2Qb,Fri Aug 03 07:32:04 +0000 2018
436,@nytimes,0.0772,0.093,0.829,0.078,A reporter was surprised to learn that her New York Times article was censored in Qatar. Here's what happened. https://t.co/uaU9d2FiWI,Fri Aug 03 07:17:05 +0000 2018
437,@nytimes,0.2732,0.16,0.743,0.097,"A Finnish stick-figure comic about a ""stereotypical Finn"" dealing with social awkwardness is gaining a following wi‚Ä¶ https://t.co/fKo2qRxP1m",Fri Aug 03 07:02:04 +0000 2018
438,@nytimes,0.3384,0.102,0.898,0.0,"""Generally, the public is more tolerant of obese animals than they are of thin ones. There‚Äôs not as much stigma wit‚Ä¶ https://t.co/J9FfnXciDn",Fri Aug 03 06:41:44 +0000 2018
439,@nytimes,0.7096,0.312,0.688,0.0,"The best TV shows and movies new to Netflix, Amazon and more in August https://t.co/T8wCjhJlW9",Fri Aug 03 06:23:47 +0000 2018
440,@nytimes,-0.1511,0.0,0.914,0.086,From @nytimestravel: A guide to 10 cities where you can have an upscale trip without paying top dollar https://t.co/CwKwunDqaG,Fri Aug 03 06:06:26 +0000 2018
441,@nytimes,0.3612,0.217,0.783,0.0,You shouldn't skip the opening credits. @poniewozik explains why.  https://t.co/rn5dG5i7Hz,Fri Aug 03 05:48:54 +0000 2018
442,@nytimes,0.25,0.126,0.787,0.087,"RT @nytimesworld: A girl said she missed a Muslim friend who had lived a few houses down. ‚ÄúThe Rakhine burned their houses down,‚Äù she said.‚Ä¶",Fri Aug 03 05:32:05 +0000 2018
443,@nytimes,0.0,0.0,1.0,0.0,Readers responded to a story chronicling one woman's spiral into opioid addiction with their own stories of recover‚Ä¶ https://t.co/D0cnJFtTln,Fri Aug 03 05:17:32 +0000 2018
444,@nytimes,-0.1531,0.0,0.914,0.086,Why has a socially awkward stick figure from Finland caught on with young people in China's crowded cities? https://t.co/UyQ6lw2zNP,Fri Aug 03 04:59:41 +0000 2018
445,@nytimes,0.0,0.0,1.0,0.0,"Many San Francisco residents had never heard of ""The East Cut."" Then Google told some of them they lived there. https://t.co/bJngkDhTJf",Fri Aug 03 04:42:06 +0000 2018
446,@nytimes,-0.5778,0.067,0.736,0.198,RT @nytopinion: #MeToo is about more than stopping harassment. It should also be about addressing the ways society may allow men to get awa‚Ä¶,Fri Aug 03 04:22:03 +0000 2018
447,@nytimes,-0.4404,0.0,0.756,0.244,‚ÄòThey Can Make Anything Bad‚Äô: Trump Bashes a Familiar Foe https://t.co/muVT1hTQv4,Fri Aug 03 04:07:59 +0000 2018
448,@nytimes,0.6369,0.181,0.819,0.0,36 Hours in Chiang Mai: Glorious temples and traditional markets are what this riverside city in Thailand is known‚Ä¶ https://t.co/bSt8E1Ao9D,Fri Aug 03 04:07:03 +0000 2018
449,@nytimes,-0.6249,0.0,0.702,0.298,U.S. Is Expanding Power to Block Chinese Firms. HNA Was Already No Match. https://t.co/p2ZWHdBiOV,Fri Aug 03 03:52:42 +0000 2018
450,@nytimes,0.0,0.0,1.0,0.0,Myanmar Dispatch: Myanmar Official Line: Rohingya Are Returning. But Cracks in That Story Abound. https://t.co/VzBDzJmpN3,Fri Aug 03 03:48:09 +0000 2018
451,@nytimes,-0.9201,0.0,0.478,0.522,A leading Democratic legislator in New Hampshire was arrested on charges of domestic violence and assault https://t.co/UbfI5j56M9,Fri Aug 03 03:47:03 +0000 2018
452,@nytimes,-0.8658,0.0,0.674,0.326,"A Colorado man who fatally shot a naked intruder, only to be killed by a responding police officer, may not have he‚Ä¶ https://t.co/zEEmXYVnB8",Fri Aug 03 03:32:07 +0000 2018
453,@nytimes,-0.128,0.071,0.837,0.092,RT @nytimesbusiness: Amazon said it would no longer let third-party merchants sell goods with Nazi and white nationalist symbols on its pla‚Ä¶,Fri Aug 03 03:21:05 +0000 2018
454,@nytimes,0.1027,0.08,0.92,0.0,"During a White House press briefing, Jim Acosta stepped into the spotlight as a defender of the press https://t.co/Rl99WgJzxZ",Fri Aug 03 03:17:07 +0000 2018
455,@nytimes,-0.6597,0.0,0.82,0.18,"‚ÄúIf any opioids were going to be tightly regulated, it would be these."" For years, doctors have prescribed cancer p‚Ä¶ https://t.co/Ybd6QDHHZ9",Fri Aug 03 03:02:03 +0000 2018
456,@nytimes,0.5267,0.227,0.773,0.0,Trump administration officials contend that their plan to scrap Obama-era fuel economy standards will save thousand‚Ä¶ https://t.co/H5BzRT6LRi,Fri Aug 03 02:47:03 +0000 2018
457,@nytimes,-0.128,0.0,0.919,0.081,Apple‚Äôs 13-figure valuation highlights how a group of enormous companies has come to dominate the economy. But the‚Ä¶ https://t.co/aJ8S0tolI9,Fri Aug 03 02:32:04 +0000 2018
458,@nytimes,0.0,0.0,1.0,0.0,RT @nytrealestate: What are the noisiest neighborhoods in New York City? We've got the data. https://t.co/h2Ve2SgFcB,Fri Aug 03 02:17:06 +0000 2018
459,@nytimes,0.2484,0.125,0.875,0.0,Tennessee lurched toward its most competitive Senate campaign in more than a decade on Thursday https://t.co/xbcwwSBBCw,Fri Aug 03 02:07:02 +0000 2018
460,@nytimes,-0.0119,0.115,0.767,0.117,"RT @NYTNational: ‚ÄúI did nothing wrong, I wasn‚Äôt making any noise or bothering anyone. All I did was be black.‚Äù https://t.co/QKsTwul5Iy",Fri Aug 03 01:57:02 +0000 2018
461,@nytimes,0.0,0.0,1.0,0.0,Tennessee election live results https://t.co/0DoupvVLi0,Fri Aug 03 01:47:05 +0000 2018
462,@nytimes,0.0,0.0,1.0,0.0,Evening Briefing: Here's what you need to know at the end of the day https://t.co/wMrbdx6xFh,Fri Aug 03 01:32:02 +0000 2018
463,@nytimes,0.0,0.0,1.0,0.0,RT @DavidWaldstein: It is the 39th anniversary of Thurman Munson‚Äôs passing. Newly uncovered documents reveal his heart-rending final moment‚Ä¶,Fri Aug 03 01:17:03 +0000 2018
464,@nytimes,0.4404,0.139,0.861,0.0,Clara Lemlich Shavelson is sometimes remembered as an anonymous ‚Äúwisp of a girl.‚Äù But she was an influential woman‚Ä¶ https://t.co/ffKnt23C3U,Fri Aug 03 01:02:04 +0000 2018
465,@nytimes,0.0,0.0,1.0,0.0,How many other companies would you need to combine to get to one Apple? We'll show you. https://t.co/SkNfwU4CqO https://t.co/BoZdmpIYiD,Fri Aug 03 00:47:16 +0000 2018
466,@nytimes,0.6249,0.203,0.797,0.0,"RT @nytvideo: Is Russia trying to influence the U.S. midterm elections? Yes, according to the heads of the country‚Äôs national security agen‚Ä¶",Fri Aug 03 00:27:04 +0000 2018
467,@nytimes,0.0,0.0,1.0,0.0,First election results are coming in from the Tennessee primary. Follow the vote here. https://t.co/VwXIrHRtWi,Fri Aug 03 00:12:02 +0000 2018
468,@nytimes,-0.5994,0.0,0.786,0.214,"They were allowed to cast ballots. Later they were arrested. In North Carolina, 12 people were charged with felonie‚Ä¶ https://t.co/Lc185rL6gj",Fri Aug 03 00:02:03 +0000 2018
469,@nytimes,0.0,0.0,1.0,0.0,The hominins who lived on this Indonesian island were small. So are some modern humans living there now. But it's n‚Ä¶ https://t.co/MQjn8N2uiF,Thu Aug 02 23:47:03 +0000 2018
470,@nytimes,0.0,0.0,1.0,0.0,Artists and art professionals from around Los Angeles have been voicing concerns about the appointment of Klaus Bie‚Ä¶ https://t.co/DTEzxdBhMZ,Thu Aug 02 23:32:03 +0000 2018
471,@nytimes,0.0,0.0,1.0,0.0,RT @nytgraphics: We‚Äôll have live results tonight for the Tennessee primary elections. Polls close at 8 p.m. Eastern. https://t.co/D0DATaXGCS,Thu Aug 02 23:17:07 +0000 2018
472,@nytimes,-0.5574,0.0,0.847,0.153,"Hemingway wrote five short stories in 1956, telling his publisher they could be released after he died. Only one of‚Ä¶ https://t.co/5BaGc0bP39",Thu Aug 02 23:02:11 +0000 2018
473,@nytimes,0.0,0.0,1.0,0.0,Evening Briefing: Here's what you need to know at the end of the day https://t.co/1MalfXYU3i,Thu Aug 02 22:47:06 +0000 2018
474,@nytimes,0.0,0.0,1.0,0.0,"Mayors and city planners have long dreamed of making the Chicago River a busy, dazzling waterfront. It might have f‚Ä¶ https://t.co/iShHkTnxLi",Thu Aug 02 22:32:04 +0000 2018
475,@nytimes,-0.0258,0.09,0.815,0.094,"RT @emmagf: ‚ÄúWe‚Äôre continuing to create jobs, the population is increasing, we‚Äôre building new housing ‚Äî there‚Äôs no objective reason for su‚Ä¶",Thu Aug 02 22:17:02 +0000 2018
476,@nytimes,0.0,0.0,1.0,0.0,"As the #MeToo movement emerged, former Ohio State wrestlers found memories surging back. Now they're dealing with a‚Ä¶ https://t.co/xKqRZWmTUo",Thu Aug 02 22:00:13 +0000 2018
477,@nytimes,0.2748,0.1,0.9,0.0,"Sweden's tallest peak is melting in record heat ‚Äî melting enough, in fact, that it almost certainly isn't the talle‚Ä¶ https://t.co/3Jv6FotZE6",Thu Aug 02 21:47:08 +0000 2018
478,@nytimes,0.0,0.0,1.0,0.0,"RT @gettleman: ‚ÄúI‚Äôll be honest,‚Äù said Mohammad Aslam, a seemingly forthright police commander in southern Kashmir. ‚ÄúFor every militant we k‚Ä¶",Thu Aug 02 21:26:03 +0000 2018
479,@nytimes,-0.5859,0.098,0.65,0.252,"A Chinese company that broke sanctions on Iran and North Korea and was labeled a ""national security threat"" in the‚Ä¶ https://t.co/pMLxsIuoRx",Thu Aug 02 21:11:03 +0000 2018
480,@nytimes,0.7351,0.267,0.733,0.0,"Even amid #MeToo and #OscarsSoWhite ‚Äî and celebrated films like ‚ÄúWonder Woman,‚Äù ‚ÄúBlack Panther‚Äù and ‚ÄúCall Me by You‚Ä¶ https://t.co/XluOHvntxi",Thu Aug 02 20:55:06 +0000 2018
481,@nytimes,-0.5106,0.0,0.751,0.249,A lawsuit alleges New York is denying medically necessary treatments for thousands of low-income residents https://t.co/80KhW4WQVw,Thu Aug 02 20:55:03 +0000 2018
482,@nytimes,-0.6369,0.0,0.755,0.245,The young Parisian woman who confronted her harasser in a widely viewed video has started a website and a Facebook‚Ä¶ https://t.co/ePoz7fZmUV,Thu Aug 02 20:40:09 +0000 2018
483,@nytimes,0.0,0.0,1.0,0.0,Here's a recipe to file away for an upcoming seasonal bounty of zucchini https://t.co/t3jhyfQ2jd,Thu Aug 02 20:25:05 +0000 2018
484,@nytimes,0.296,0.099,0.901,0.0,"Nearly every man who has come forward shares a similar story: Regardless of what ailment they had, they said Dr. St‚Ä¶ https://t.co/xgGExUXoDt",Thu Aug 02 20:10:07 +0000 2018
485,@nytimes,-0.7096,0.0,0.781,0.219,"By the time she was 23, the labor leader Clara Lemlich Shavelson had been arrested 17 times and beaten by police an‚Ä¶ https://t.co/MK9GvIWViV",Thu Aug 02 19:55:06 +0000 2018
486,@nytimes,0.4019,0.153,0.847,0.0,"RT @mattfleg: On deep background, not-for-attribution and definitely without fingerprints...I wrote about the often-absurd conversations jo‚Ä¶",Thu Aug 02 19:45:02 +0000 2018
487,@nytimes,0.431,0.137,0.863,0.0,"It wasn't a crime to carry marijuana. Then four words from a 1977 law changed everything: ""Open to public view."" https://t.co/bORFqrpOf0",Thu Aug 02 19:35:03 +0000 2018
488,@nytimes,-0.7506,0.0,0.67,0.33,"California firefighters took time to mourn a fallen colleague, ‚Äúour brother,‚Äù while battling one of the most destru‚Ä¶ https://t.co/iXZtU7ARwE",Thu Aug 02 19:20:06 +0000 2018
489,@nytimes,0.0258,0.058,0.942,0.0,One of the most diverse Democratic congressional primaries of the year will reach a climax with voting on Tuesday. https://t.co/43ptQ5Ww2n,Thu Aug 02 19:06:09 +0000 2018
490,@nytimes,0.0,0.0,1.0,0.0,"When the Trump administration announced a citizenship question would appear on the 2020 census, it was met with con‚Ä¶ https://t.co/sOLbVD0tmE",Thu Aug 02 18:50:32 +0000 2018
491,@nytimes,0.0,0.0,1.0,0.0,Jamie Thomas was not an art historian or administrator. He was Pop Art icon Robert Indiana's caretaker. But when In‚Ä¶ https://t.co/VMhMPOhVK7,Thu Aug 02 18:35:07 +0000 2018
492,@nytimes,0.34,0.13,0.87,0.0,"Breaking News: Russia is still trying to influence U.S. elections, several national security chiefs bluntly warned‚Ä¶ https://t.co/tsdjObvURx",Thu Aug 02 18:27:35 +0000 2018
493,@nytimes,-0.3612,0.0,0.884,0.116,"A new Hemingway story, written in 1956 and published for the first time today, offers a window into his struggles w‚Ä¶ https://t.co/97LNIe9vPJ",Thu Aug 02 18:20:07 +0000 2018
494,@nytimes,0.3182,0.161,0.839,0.0,Not sure what to do in NYC this weekend? We‚Äôve got you. https://t.co/i5KZgYODXL,Thu Aug 02 18:05:04 +0000 2018
495,@nytimes,0.0,0.0,1.0,0.0,Those green swirling masses you see on the beach? They're not algae. They're green worms. https://t.co/XIBCTpDPte,Thu Aug 02 17:49:05 +0000 2018
496,@nytimes,0.0,0.0,1.0,0.0,"RT @nytopinion: Facebook has been working humanity‚Äôs last nerve for far too long now. Every week, it‚Äôs something, and that something is nev‚Ä¶",Thu Aug 02 17:35:04 +0000 2018
497,@nytimes,-0.1531,0.0,0.914,0.086,Why has a socially awkward stick figure from Finland caught on with young people in China's crowded cities? https://t.co/FKnxbVjLLi,Thu Aug 02 17:20:06 +0000 2018
498,@nytimes,0.34,0.107,0.893,0.0,"RT @nytgraphics: Apple's value hit $1 trillion today. How many companies would you have to combine to equal one Apple?
https://t.co/jnlB9x9‚Ä¶",Thu Aug 02 17:05:05 +0000 2018
499,@nytimes,0.4019,0.114,0.886,0.0,New offices are being designed with a focus on the well-being of the people who work in them: ‚ÄúI definitely find my‚Ä¶ https://t.co/kMRULWW45a,Thu Aug 02 16:51:57 +0000 2018
